timestamp,skin_temp_celsius,context,sampling_interval_sec,quality_flag
2024-11-25 00:00:00,35.3,sleep,300,1
2024-11-25 00:05:00,35.26453264849859,sleep,300,1
2024-11-25 00:10:00,35.2459069815452,sleep,300,1
2024-11-25 00:15:00,35.181673802914524,sleep,300,1
2024-11-25 00:20:00,35.28859308037092,sleep,300,1
2024-11-25 00:25:00,35.223145819350094,sleep,300,1
2024-11-25 00:30:00,35.240401919297256,sleep,300,1
2024-11-25 00:35:00,35.20678222803647,sleep,300,1
2024-11-25 00:40:00,35.3,sleep,300,1
2024-11-25 00:45:00,35.27658008318397,sleep,300,1
2024-11-25 00:50:00,35.285228211590116,sleep,300,1
2024-11-25 00:55:00,35.294656626767136,sleep,300,1
2024-11-25 01:00:00,35.34637635141626,sleep,300,1
2024-11-25 01:05:00,35.40219974958361,sleep,300,1
2024-11-25 01:10:00,35.40104445832253,sleep,300,1
2024-11-25 01:15:00,35.35632783991772,sleep,300,1
2024-11-25 01:20:00,35.463109099994774,sleep,300,1
2024-11-25 01:25:00,35.437366502586485,sleep,300,1
2024-11-25 01:30:00,35.441438380416145,sleep,300,1
2024-11-25 01:35:00,35.36728559265621,sleep,300,1
2024-11-25 01:40:00,35.46939615758565,sleep,300,1
2024-11-25 01:45:00,35.44248514979538,sleep,300,1
2024-11-25 01:54:00,35.3,sleep,300,1
2024-11-25 01:59:00,35.373889556913916,sleep,300,1
2024-11-25 02:04:00,35.33074109169599,sleep,300,1
2024-11-25 02:09:00,34.06854045552723,sleep,300,0
2024-11-25 02:14:00,35.40559936415906,sleep,300,1
2024-11-25 02:19:00,35.348800452756485,sleep,300,1
2024-11-25 02:24:00,35.34337927876819,sleep,300,1
2024-11-25 02:29:00,35.29816927609109,sleep,300,1
2024-11-25 02:34:00,35.32253338902266,sleep,300,1
2024-11-25 02:39:00,35.3,sleep,300,1
2024-11-25 02:44:00,35.246895878523354,sleep,300,1
2024-11-25 02:49:00,35.23167331584511,sleep,300,1
2024-11-25 02:54:00,35.195585925542034,sleep,300,1
2024-11-25 02:59:00,35.23245663528694,sleep,300,1
2024-11-25 03:04:00,35.146945049735095,sleep,300,1
2024-11-25 03:10:00,35.3,sleep,300,1
2024-11-25 03:15:00,35.20145340016021,sleep,300,1
2024-11-25 03:20:00,35.220131841251366,sleep,300,1
2024-11-25 03:25:00,35.23970894178442,sleep,300,1
2024-11-25 03:30:00,35.25134916790531,sleep,300,1
2024-11-25 03:35:00,35.35542653555407,sleep,300,1
2024-11-25 03:40:00,35.358161344866225,sleep,300,1
2024-11-25 03:45:00,35.38177281513261,sleep,300,1
2024-11-25 03:50:00,35.300227714396286,sleep,300,1
2024-11-25 03:55:00,35.183300464063606,sleep,300,1
2024-11-25 04:00:00,35.26692865335925,sleep,300,1
2024-11-25 04:05:00,35.2307151178605,sleep,300,1
2024-11-25 04:10:00,35.2411455444335,sleep,300,1
2024-11-25 04:15:00,35.14197356740782,sleep,300,1
2024-11-25 04:20:00,35.19450941439206,sleep,300,1
2024-11-25 04:28:00,35.3,sleep,300,1
2024-11-25 04:33:00,35.299430142748506,sleep,300,1
2024-11-25 04:38:00,35.30402867554333,sleep,300,1
2024-11-25 04:43:00,35.28474623968567,sleep,300,1
2024-11-25 04:48:00,35.25815698260376,sleep,300,1
2024-11-25 04:53:00,35.31717987939315,sleep,300,1
2024-11-25 04:58:00,35.195496898861215,sleep,300,1
2024-11-25 05:03:00,35.167538655170766,sleep,300,1
2024-11-25 05:10:00,35.3,sleep,300,1
2024-11-25 05:15:00,35.248410310806776,sleep,300,1
2024-11-25 05:20:00,35.28407425975163,sleep,300,1
2024-11-25 05:25:00,35.306389812576434,sleep,300,1
2024-11-25 05:30:00,35.27124960968723,sleep,300,1
2024-11-25 05:35:00,35.308825611195594,sleep,300,1
2024-11-25 05:40:00,35.22901772555372,sleep,300,1
2024-11-25 05:47:00,0.0,sleep,300,0
2024-11-25 05:52:00,35.27096255378529,sleep,300,1
2024-11-25 05:57:00,35.25693579788996,sleep,300,1
2024-11-25 06:02:00,35.23462681782341,sleep,300,1
2024-11-25 06:07:00,35.230256189487115,sleep,300,1
2024-11-25 06:12:00,35.210750931972065,sleep,300,1
2024-11-25 06:17:00,35.20494984241624,sleep,300,1
2024-11-25 06:22:00,35.29400108877084,sleep,300,1
2024-11-25 06:27:00,35.30800933626324,sleep,300,1
2024-11-25 06:32:00,35.33668035238521,sleep,300,1
2024-11-25 06:37:00,35.30082066074797,sleep,300,1
2024-11-25 06:42:00,35.25243126004272,sleep,300,1
2024-11-25 06:47:00,35.27566346966224,sleep,300,1
2024-11-25 06:52:00,35.29341141481669,sleep,300,1
2024-11-25 06:59:00,35.8,sleep_transition,60,1
2024-11-25 07:00:00,35.76136993631384,sleep_transition,60,1
2024-11-25 07:01:00,35.75974365259672,sleep_transition,60,1
2024-11-25 07:02:00,35.74172643629241,sleep_transition,60,1
2024-11-25 07:03:00,35.718973298445135,sleep_transition,60,1
2024-11-25 07:04:00,35.68062504793414,sleep_transition,60,1
2024-11-25 07:05:00,35.68040852947093,sleep_transition,60,1
2024-11-25 07:06:00,35.681902665141585,sleep_transition,60,1
2024-11-25 07:07:00,35.59079955553625,sleep_transition,60,1
2024-11-25 07:08:00,35.60196335897529,sleep_transition,60,1
2024-11-25 07:09:00,35.8,resting_awake,3600,1
2024-11-25 07:42:00,35.8,resting_awake,3600,1
2024-11-25 08:07:00,35.8,post_meal,1800,1
2024-11-25 08:41:00,35.8,post_meal,1800,1
2024-11-25 09:14:00,35.8,resting_awake,3600,1
2024-11-25 10:19:00,35.8,stress_event,300,1
2024-11-25 10:24:00,35.832563385914085,stress_event,300,1
2024-11-25 10:29:00,35.69832604978465,stress_event,300,1
2024-11-25 10:34:00,35.66270978768475,stress_event,300,1
2024-11-25 10:39:00,35.8,resting_awake,3600,1
2024-11-25 11:55:00,35.8,resting_awake,3600,1
2024-11-25 13:04:00,35.8,post_meal,1800,1
2024-11-25 13:34:00,35.78888138100304,post_meal,1800,1
2024-11-25 14:33:00,35.8,stress_event,300,1
2024-11-25 14:38:00,35.622396648228985,stress_event,300,1
2024-11-25 14:46:00,35.8,resting_awake,3600,1
2024-11-25 15:57:00,35.8,resting_awake,3600,1
2024-11-25 17:07:00,36.8,active_low,1800,1
2024-11-25 17:30:00,36.8,active_high,600,1
2024-11-25 17:40:00,36.96453496820353,active_high,600,1
2024-11-25 17:50:00,36.9694972870366,active_high,600,1
2024-11-25 18:01:00,36.8,post_exercise,300,1
2024-11-25 18:06:00,36.89531219746174,post_exercise,300,1
2024-11-25 18:11:00,36.84607868861921,post_exercise,300,1
2024-11-25 18:16:00,37.01350680157698,post_exercise,300,1
2024-11-25 18:21:00,37.19188102612044,post_exercise,300,1
2024-11-25 18:28:00,35.8,resting_awake,3600,1
2024-11-25 19:00:00,35.8,post_meal,1800,1
2024-11-25 19:30:00,32.72945230150866,post_meal,1800,0
2024-11-25 20:00:00,35.726317836949576,post_meal,1800,1
2024-11-25 20:50:00,35.8,post_meal,1800,1
2024-11-25 21:20:00,36.164212914219256,post_meal,1800,1
2024-11-25 21:59:00,35.8,resting_awake,3600,1
2024-11-25 22:38:00,35.8,resting_awake,3600,1
2024-11-25 23:10:00,35.3,sleep,300,1
2024-11-25 23:15:00,35.31930670440922,sleep,300,1
2024-11-25 23:20:00,35.36290597988119,sleep,300,1
2024-11-25 23:25:00,35.29123724745382,sleep,300,1
2024-11-25 23:30:00,35.31239420452597,sleep,300,1
2024-11-25 23:35:00,35.29666966703981,sleep,300,1
2024-11-25 23:40:00,35.442508194795664,sleep,300,1
2024-11-25 23:45:00,35.353912525093826,sleep,300,1
2024-11-25 23:50:00,35.36287914477738,sleep,300,1
2024-11-25 23:55:00,35.3,sleep,300,1
2024-11-26 00:00:00,35.315427543123995,sleep,300,1
2024-11-26 00:05:00,35.35351838736768,sleep,300,1
2024-11-26 00:10:00,35.430042482504845,sleep,300,1
2024-11-26 00:15:00,35.49086390346174,sleep,300,1
2024-11-26 00:20:00,35.417029770909316,sleep,300,1
2024-11-26 00:25:00,35.46618774171683,sleep,300,1
2024-11-26 00:30:00,35.5272688323112,sleep,300,1
2024-11-26 00:35:00,35.52179856682798,sleep,300,1
2024-11-26 00:40:00,35.48937604982145,sleep,300,1
2024-11-26 00:45:00,35.53434897230753,sleep,300,1
2024-11-26 00:50:00,35.50167991632919,sleep,300,1
2024-11-26 00:55:00,35.49955009432729,sleep,300,1
2024-11-26 01:00:00,35.44253634309122,sleep,300,1
2024-11-26 01:05:00,35.402273157585796,sleep,300,1
2024-11-26 01:10:00,35.40783568147963,sleep,300,1
2024-11-26 01:18:00,35.3,sleep,300,1
2024-11-26 01:23:00,35.315989646449346,sleep,300,1
2024-11-26 01:28:00,35.31441808334231,sleep,300,1
2024-11-26 01:33:00,35.40125149117097,sleep,300,1
2024-11-26 01:38:00,35.414135781936885,sleep,300,1
2024-11-26 01:43:00,35.35350860653451,sleep,300,1
2024-11-26 01:48:00,35.2582253130896,sleep,300,1
2024-11-26 01:53:00,35.299038337547145,sleep,300,1
2024-11-26 01:58:00,35.309328945191666,sleep,300,1
2024-11-26 02:03:00,35.34634279030912,sleep,300,1
2024-11-26 02:08:00,35.29982040075729,sleep,300,1
2024-11-26 02:16:00,35.3,sleep,300,1
2024-11-26 02:21:00,35.32252327233221,sleep,300,1
2024-11-26 02:26:00,35.155092587992776,sleep,300,1
2024-11-26 02:31:00,35.118639678828735,sleep,300,1
2024-11-26 02:36:00,35.210880314494446,sleep,300,1
2024-11-26 02:41:00,35.22703261761165,sleep,300,1
2024-11-26 02:46:00,35.25463127210775,sleep,300,1
2024-11-26 02:51:00,35.38188306661041,sleep,300,1
2024-11-26 02:56:00,35.411875479927104,sleep,300,1
2024-11-26 03:03:00,35.3,sleep,300,1
2024-11-26 03:08:00,35.175866342597715,sleep,300,1
2024-11-26 03:13:00,35.15253583157152,sleep,300,1
2024-11-26 03:18:00,35.13891644523365,sleep,300,1
2024-11-26 03:23:00,35.18591032451319,sleep,300,1
2024-11-26 03:28:00,35.152769622579385,sleep,300,1
2024-11-26 03:33:00,35.24409990311684,sleep,300,1
2024-11-26 03:38:00,35.20272180123434,sleep,300,1
2024-11-26 03:43:00,35.28442114899268,sleep,300,1
2024-11-26 03:48:00,35.32894447510737,sleep,300,1
2024-11-26 03:53:00,35.3042615394598,sleep,300,1
2024-11-26 03:58:00,35.30037849963103,sleep,300,1
2024-11-26 04:03:00,35.29428572482906,sleep,300,1
2024-11-26 04:08:00,35.35107188002033,sleep,300,1
2024-11-26 04:15:00,35.3,sleep,300,1
2024-11-26 04:20:00,35.32813053733543,sleep,300,1
2024-11-26 04:25:00,35.24586955972101,sleep,300,1
2024-11-26 04:30:00,35.267657762645776,sleep,300,1
2024-11-26 04:35:00,35.309526084452436,sleep,300,1
2024-11-26 04:40:00,35.18949308227114,sleep,300,1
2024-11-26 04:45:00,35.164237425992454,sleep,300,1
2024-11-26 04:50:00,35.12190370334811,sleep,300,1
2024-11-26 04:55:00,35.16899738944419,sleep,300,1
2024-11-26 05:00:00,35.21594869762368,sleep,300,1
2024-11-26 05:05:00,35.21017864080513,sleep,300,1
2024-11-26 05:10:00,35.23024640492282,sleep,300,1
2024-11-26 05:19:00,35.3,sleep,300,1
2024-11-26 05:24:00,35.34224821609612,sleep,300,1
2024-11-26 05:29:00,35.38246927052027,sleep,300,1
2024-11-26 05:34:00,35.38151770430387,sleep,300,1
2024-11-26 05:39:00,35.36550162033157,sleep,300,1
2024-11-26 05:44:00,35.34921586803833,sleep,300,1
2024-11-26 05:49:00,35.36435008613538,sleep,300,1
2024-11-26 05:54:00,35.38438372233069,sleep,300,1
2024-11-26 05:59:00,35.41688267003938,sleep,300,1
2024-11-26 06:04:00,35.51299569532267,sleep,300,1
2024-11-26 06:09:00,35.521078258154326,sleep,300,1
2024-11-26 06:15:00,35.8,sleep_transition,60,1
2024-11-26 06:16:00,0.0,sleep_transition,60,0
2024-11-26 06:17:00,35.746566580507626,sleep_transition,60,1
2024-11-26 06:18:00,35.7188880944464,sleep_transition,60,1
2024-11-26 06:19:00,35.706274296092516,sleep_transition,60,1
2024-11-26 06:20:00,35.68615627936971,sleep_transition,60,1
2024-11-26 06:21:00,35.691984895707996,sleep_transition,60,1
2024-11-26 06:22:00,35.674015879454195,sleep_transition,60,1
2024-11-26 06:23:00,35.704069222097615,sleep_transition,60,1
2024-11-26 06:24:00,35.68543809958071,sleep_transition,60,1
2024-11-26 06:25:00,35.65450511204694,sleep_transition,60,1
2024-11-26 06:26:00,35.64343562795501,sleep_transition,60,1
2024-11-26 06:27:00,35.6738588089773,sleep_transition,60,1
2024-11-26 06:28:00,35.66902732950186,sleep_transition,60,1
2024-11-26 06:29:00,35.657587490550405,sleep_transition,60,1
2024-11-26 06:30:00,35.6736802054866,sleep_transition,60,1
2024-11-26 06:31:00,35.67918635213243,sleep_transition,60,1
2024-11-26 06:32:00,35.714012225229176,sleep_transition,60,1
2024-11-26 06:33:00,35.662225059686136,sleep_transition,60,1
2024-11-26 06:34:00,35.63448927977584,sleep_transition,60,1
2024-11-26 06:35:00,35.63804628706769,sleep_transition,60,1
2024-11-26 06:36:00,35.58408049767393,sleep_transition,60,1
2024-11-26 06:37:00,35.53836970315787,sleep_transition,60,1
2024-11-26 06:38:00,35.51324156970469,sleep_transition,60,1
2024-11-26 06:39:00,35.8,sleep_transition,60,1
2024-11-26 06:40:00,35.78834387328958,sleep_transition,60,1
2024-11-26 06:41:00,35.73492936538187,sleep_transition,60,1
2024-11-26 06:42:00,35.71350477312619,sleep_transition,60,1
2024-11-26 06:43:00,35.68642951347697,sleep_transition,60,1
2024-11-26 06:44:00,35.65383955553527,sleep_transition,60,1
2024-11-26 06:45:00,35.659451865540056,sleep_transition,60,1
2024-11-26 06:46:00,35.704379183883916,sleep_transition,60,1
2024-11-26 06:47:00,35.71492187265577,sleep_transition,60,1
2024-11-26 06:48:00,35.696090343297314,sleep_transition,60,1
2024-11-26 06:49:00,35.761952477114086,sleep_transition,60,1
2024-11-26 06:50:00,35.72324562003677,sleep_transition,60,1
2024-11-26 06:51:00,35.68573256450951,sleep_transition,60,1
2024-11-26 06:52:00,35.64958004465204,sleep_transition,60,1
2024-11-26 06:53:00,35.633500988439415,sleep_transition,60,1
2024-11-26 06:54:00,35.667786257980524,sleep_transition,60,1
2024-11-26 06:55:00,35.72427619522517,sleep_transition,60,1
2024-11-26 06:56:00,35.77849685889113,sleep_transition,60,1
2024-11-26 06:57:00,35.773596806228745,sleep_transition,60,1
2024-11-26 06:58:00,35.77955445227918,sleep_transition,60,1
2024-11-26 06:59:00,35.85688997522981,sleep_transition,60,1
2024-11-26 07:00:00,35.843332200188954,sleep_transition,60,1
2024-11-26 07:01:00,35.87608416322083,sleep_transition,60,1
2024-11-26 07:02:00,35.89959816376201,sleep_transition,60,1
2024-11-26 07:03:00,35.905439588440565,sleep_transition,60,1
2024-11-26 07:04:00,35.90622773971063,sleep_transition,60,1
2024-11-26 07:05:00,35.8,resting_awake,3600,1
2024-11-26 07:28:00,35.8,resting_awake,3600,1
2024-11-26 07:57:00,35.8,resting_awake,3600,1
2024-11-26 08:38:00,35.8,post_meal,1800,1
2024-11-26 09:10:00,36.8,active_low,1800,1
2024-11-26 09:39:00,35.8,resting_awake,3600,1
2024-11-26 10:57:00,35.8,resting_awake,3600,1
2024-11-26 11:44:00,35.8,resting_awake,3600,1
2024-11-26 12:30:00,35.8,post_meal,1800,1
2024-11-26 13:28:00,35.8,post_meal,1800,1
2024-11-26 14:18:00,35.8,resting_awake,3600,1
2024-11-26 15:28:00,36.8,active_low,1800,1
2024-11-26 15:46:00,35.8,resting_awake,3600,1
2024-11-26 17:10:00,36.8,active_high,600,1
2024-11-26 17:20:00,36.82347954607964,active_high,600,1
2024-11-26 17:30:00,36.711979345740865,active_high,600,1
2024-11-26 17:40:00,37.03669858451082,active_high,600,1
2024-11-26 17:50:00,37.25232068270905,active_high,600,1
2024-11-26 18:08:00,35.8,resting_awake,3600,1
2024-11-26 18:40:00,35.8,resting_awake,3600,1
2024-11-26 19:01:00,35.8,post_meal,1800,1
2024-11-26 19:31:00,35.68320329409995,post_meal,1800,1
2024-11-26 20:11:00,35.8,post_meal,1800,1
2024-11-26 20:41:00,36.10888237560189,post_meal,1800,1
2024-11-26 21:37:00,35.8,resting_awake,3600,1
2024-11-26 22:20:00,35.8,resting_awake,3600,1
2024-11-26 22:53:00,35.8,resting_awake,3600,1
2024-11-26 23:45:00,35.3,sleep,300,1
2024-11-26 23:50:00,35.25519572786862,sleep,300,1
2024-11-26 23:55:00,35.32415930566722,sleep,300,1
2024-11-27 00:00:00,35.432211204767654,sleep,300,1
2024-11-27 00:05:00,35.49441997234629,sleep,300,1
2024-11-27 00:10:00,35.49053599925076,sleep,300,1
2024-11-27 00:15:00,35.44157789494574,sleep,300,1
2024-11-27 00:20:00,35.45746686458491,sleep,300,1
2024-11-27 00:25:00,35.43426904607293,sleep,300,1
2024-11-27 00:32:00,35.3,sleep,300,1
2024-11-27 00:37:00,35.181628923486265,sleep,300,1
2024-11-27 00:42:00,35.23353688260804,sleep,300,1
2024-11-27 00:47:00,35.30028959701482,sleep,300,1
2024-11-27 00:52:00,35.30214208351404,sleep,300,1
2024-11-27 00:57:00,35.260101368620255,sleep,300,1
2024-11-27 01:02:00,35.22642537956754,sleep,300,1
2024-11-27 01:07:00,35.158847230178104,sleep,300,1
2024-11-27 01:12:00,35.216882791301366,sleep,300,1
2024-11-27 01:17:00,35.27416652856869,sleep,300,1
2024-11-27 01:22:00,35.302580102277226,sleep,300,1
2024-11-27 01:27:00,35.36493620443527,sleep,300,1
2024-11-27 01:32:00,35.42585361733053,sleep,300,1
2024-11-27 01:37:00,35.36677589884584,sleep,300,1
2024-11-27 01:42:00,35.34092227743555,sleep,300,1
2024-11-27 01:47:00,35.41875822028059,sleep,300,1
2024-11-27 01:53:00,35.3,sleep,300,1
2024-11-27 01:58:00,35.263219028742185,sleep,300,1
2024-11-27 02:03:00,35.235424450995886,sleep,300,1
2024-11-27 02:08:00,35.26511672498672,sleep,300,1
2024-11-27 02:13:00,35.250141539945595,sleep,300,1
2024-11-27 02:18:00,35.20106276977283,sleep,300,1
2024-11-27 02:23:00,35.31417452277601,sleep,300,1
2024-11-27 02:31:00,35.3,sleep,300,1
2024-11-27 02:36:00,35.31609496962809,sleep,300,1
2024-11-27 02:41:00,35.29623509571848,sleep,300,1
2024-11-27 02:46:00,35.30939512903613,sleep,300,1
2024-11-27 02:51:00,35.36408417202091,sleep,300,1
2024-11-27 02:56:00,35.37260281502761,sleep,300,1
2024-11-27 03:01:00,35.38991122818775,sleep,300,1
2024-11-27 03:06:00,35.3888150531429,sleep,300,1
2024-11-27 03:13:00,35.3,sleep,300,1
2024-11-27 03:18:00,35.264828950419954,sleep,300,1
2024-11-27 03:23:00,35.19118079078802,sleep,300,1
2024-11-27 03:28:00,35.1459895543639,sleep,300,1
2024-11-27 03:33:00,35.13906456833795,sleep,300,1
2024-11-27 03:38:00,35.201691111911295,sleep,300,1
2024-11-27 03:43:00,35.236097295203585,sleep,300,1
2024-11-27 03:48:00,35.296710396050536,sleep,300,1
2024-11-27 03:53:00,35.29944264299375,sleep,300,1
2024-11-27 03:58:00,35.33115524586268,sleep,300,1
2024-11-27 04:03:00,35.356768417184675,sleep,300,1
2024-11-27 04:08:00,35.303719205039755,sleep,300,1
2024-11-27 04:13:00,35.307936670957325,sleep,300,1
2024-11-27 04:18:00,35.291710229532015,sleep,300,1
2024-11-27 04:23:00,35.245321431944845,sleep,300,1
2024-11-27 04:30:00,35.3,sleep,300,1
2024-11-27 04:35:00,35.27776763428793,sleep,300,1
2024-11-27 04:40:00,35.36559979724156,sleep,300,1
2024-11-27 04:45:00,35.282711581603714,sleep,300,1
2024-11-27 04:50:00,35.30437142767456,sleep,300,1
2024-11-27 04:55:00,35.22893934289783,sleep,300,1
2024-11-27 05:00:00,35.24458732787332,sleep,300,1
2024-11-27 05:06:00,35.3,sleep,300,1
2024-11-27 05:11:00,35.27481186791347,sleep,300,1
2024-11-27 05:16:00,35.29452127749539,sleep,300,1
2024-11-27 05:21:00,35.34709786234869,sleep,300,1
2024-11-27 05:26:00,35.40580069959017,sleep,300,1
2024-11-27 05:31:00,35.43592525954975,sleep,300,1
2024-11-27 05:36:00,35.4469638428328,sleep,300,1
2024-11-27 05:41:00,35.44535294203895,sleep,300,1
2024-11-27 05:46:00,35.4460950848785,sleep,300,1
2024-11-27 05:53:00,35.3,sleep,300,1
2024-11-27 05:58:00,35.27750087957023,sleep,300,1
2024-11-27 06:03:00,35.22267675118399,sleep,300,1
2024-11-27 06:08:00,35.2012023107629,sleep,300,1
2024-11-27 06:13:00,35.282230199697594,sleep,300,1
2024-11-27 06:18:00,35.32969673470911,sleep,300,1
2024-11-27 06:23:00,35.398604275272774,sleep,300,1
2024-11-27 06:28:00,35.31754808928282,sleep,300,1
2024-11-27 06:33:00,35.35947672378539,sleep,300,1
2024-11-27 06:38:00,35.33632763532128,sleep,300,1
2024-11-27 06:43:00,35.323537559989504,sleep,300,1
2024-11-27 06:48:00,35.40504890372667,sleep,300,1
2024-11-27 06:53:00,35.403747641092714,sleep,300,1
2024-11-27 06:58:00,35.8,sleep_transition,60,1
2024-11-27 06:59:00,35.845645159283244,sleep_transition,60,1
2024-11-27 07:00:00,35.849927786748495,sleep_transition,60,1
2024-11-27 07:01:00,35.833192614954825,sleep_transition,60,1
2024-11-27 07:02:00,35.78128790244165,sleep_transition,60,1
2024-11-27 07:03:00,35.80662059034027,sleep_transition,60,1
2024-11-27 07:04:00,35.859853270588225,sleep_transition,60,1
2024-11-27 07:05:00,35.87341889698238,sleep_transition,60,1
2024-11-27 07:06:00,35.91344754727848,sleep_transition,60,1
2024-11-27 07:07:00,35.8661677953823,sleep_transition,60,1
2024-11-27 07:08:00,35.84468469235269,sleep_transition,60,1
2024-11-27 07:09:00,35.797464350480446,sleep_transition,60,1
2024-11-27 07:10:00,35.847517272614475,sleep_transition,60,1
2024-11-27 07:11:00,35.80784697544898,sleep_transition,60,1
2024-11-27 07:12:00,35.849284892794714,sleep_transition,60,1
2024-11-27 07:13:00,35.84724838198412,sleep_transition,60,1
2024-11-27 07:14:00,35.8519692471664,sleep_transition,60,1
2024-11-27 07:15:00,35.88325502262645,sleep_transition,60,1
2024-11-27 07:16:00,35.89592797099246,sleep_transition,60,1
2024-11-27 07:17:00,35.90621364013764,sleep_transition,60,1
2024-11-27 07:18:00,35.886109810088726,sleep_transition,60,1
2024-11-27 07:19:00,35.934637763547485,sleep_transition,60,1
2024-11-27 07:20:00,35.898220320250005,sleep_transition,60,1
2024-11-27 07:21:00,35.901998074795394,sleep_transition,60,1
2024-11-27 07:22:00,35.91822091021311,sleep_transition,60,1
2024-11-27 07:23:00,35.9591911236541,sleep_transition,60,1
2024-11-27 07:24:00,35.99821347630423,sleep_transition,60,1
2024-11-27 07:25:00,36.0051888312611,sleep_transition,60,1
2024-11-27 07:26:00,36.01453824877931,sleep_transition,60,1
2024-11-27 07:27:00,35.8,resting_awake,3600,1
2024-11-27 07:57:00,35.8,resting_awake,3600,1
2024-11-27 08:25:00,35.8,post_meal,1800,1
2024-11-27 09:13:00,35.8,resting_awake,3600,1
2024-11-27 10:29:00,35.8,resting_awake,3600,1
2024-11-27 11:55:00,35.8,resting_awake,3600,1
2024-11-27 13:15:00,35.8,post_meal,1800,1
2024-11-27 14:09:00,35.8,resting_awake,3600,1
2024-11-27 15:03:00,35.8,resting_awake,3600,1
2024-11-27 16:15:00,35.8,resting_awake,3600,1
2024-11-27 17:02:00,36.8,active_low,1800,1
2024-11-27 17:32:00,36.8,active_high,600,1
2024-11-27 17:42:00,36.894621486427134,active_high,600,1
2024-11-27 17:52:00,37.06338997400928,active_high,600,1
2024-11-27 18:02:00,37.00492495122569,active_high,600,1
2024-11-27 18:15:00,35.8,resting_awake,3600,1
2024-11-27 18:36:00,36.8,post_exercise,300,1
2024-11-27 18:41:00,37.009501884589994,post_exercise,300,1
2024-11-27 18:46:00,37.12691566910804,post_exercise,300,1
2024-11-27 18:54:00,36.8,post_exercise,300,1
2024-11-27 18:59:00,36.747469052886274,post_exercise,300,1
2024-11-27 19:04:00,36.74216178633283,post_exercise,300,1
2024-11-27 19:09:00,0.0,post_exercise,300,0
2024-11-27 19:17:00,35.8,post_meal,1800,1
2024-11-27 19:47:00,35.735985803406,post_meal,1800,1
2024-11-27 20:17:00,35.630609646103096,post_meal,1800,1
2024-11-27 21:15:00,35.8,resting_awake,3600,1
2024-11-27 21:59:00,35.8,resting_awake,3600,1
2024-11-27 22:45:00,35.8,resting_awake,3600,1
2024-11-27 23:23:00,35.3,sleep,300,1
2024-11-27 23:28:00,35.25759402259498,sleep,300,1
2024-11-27 23:33:00,35.220577076093676,sleep,300,1
2024-11-27 23:38:00,35.209869806993964,sleep,300,1
2024-11-27 23:43:00,35.24396671760949,sleep,300,1
2024-11-27 23:48:00,35.1599683025348,sleep,300,1
2024-11-27 23:53:00,35.176379590972275,sleep,300,1
2024-11-27 23:58:00,35.183152118331066,sleep,300,1
2024-11-28 00:07:00,35.3,sleep,300,1
2024-11-28 00:12:00,35.29164597373651,sleep,300,1
2024-11-28 00:17:00,35.25910288400471,sleep,300,1
2024-11-28 00:22:00,35.281742445505614,sleep,300,1
2024-11-28 00:27:00,35.21867991958586,sleep,300,1
2024-11-28 00:32:00,35.15444098961897,sleep,300,1
2024-11-28 00:37:00,35.07407302207485,sleep,300,1
2024-11-28 00:42:00,35.08320536732234,sleep,300,1
2024-11-28 00:47:00,35.061044634847974,sleep,300,1
2024-11-28 00:52:00,35.085086181807526,sleep,300,1
2024-11-28 00:57:00,35.07123165351389,sleep,300,1
2024-11-28 01:05:00,35.3,sleep,300,1
2024-11-28 01:10:00,35.31922536956042,sleep,300,1
2024-11-28 01:15:00,35.363822319912664,sleep,300,1
2024-11-28 01:20:00,35.485548458214396,sleep,300,1
2024-11-28 01:25:00,40.7909944592776,sleep,300,0
2024-11-28 01:30:00,35.5436700422891,sleep,300,1
2024-11-28 01:35:00,35.55890847551887,sleep,300,1
2024-11-28 01:40:00,35.57419700629745,sleep,300,1
2024-11-28 01:45:00,35.65437730424628,sleep,300,1
2024-11-28 01:50:00,35.64639583004962,sleep,300,1
2024-11-28 01:55:00,35.3,sleep,300,1
2024-11-28 02:00:00,35.238492042902976,sleep,300,1
2024-11-28 02:05:00,35.18787422154825,sleep,300,1
2024-11-28 02:10:00,35.15410588651456,sleep,300,1
2024-11-28 02:15:00,35.113161420959386,sleep,300,1
2024-11-28 02:20:00,35.065155158202984,sleep,300,1
2024-11-28 02:25:00,35.00018275467889,sleep,300,1
2024-11-28 02:30:00,35.05673265363365,sleep,300,1
2024-11-28 02:35:00,34.99262924029274,sleep,300,1
2024-11-28 02:40:00,35.01585367194289,sleep,300,1
2024-11-28 02:45:00,34.977203104877475,sleep,300,1
2024-11-28 02:50:00,34.9246371007163,sleep,300,1
2024-11-28 02:55:00,34.929473204761045,sleep,300,1
2024-11-28 03:00:00,34.98061256003355,sleep,300,1
2024-11-28 03:05:00,34.99301457784234,sleep,300,1
2024-11-28 03:11:00,35.3,sleep,300,1
2024-11-28 03:16:00,35.35987999541576,sleep,300,1
2024-11-28 03:21:00,35.31018543153954,sleep,300,1
2024-11-28 03:26:00,35.20301836403345,sleep,300,1
2024-11-28 03:31:00,35.2384785128633,sleep,300,1
2024-11-28 03:36:00,35.19926609326113,sleep,300,1
2024-11-28 03:41:00,35.22795286185221,sleep,300,1
2024-11-28 03:46:00,35.1726627070973,sleep,300,1
2024-11-28 03:51:00,35.28545376594156,sleep,300,1
2024-11-28 03:56:00,35.28880520215578,sleep,300,1
2024-11-28 04:01:00,35.22111743195299,sleep,300,1
2024-11-28 04:10:00,35.3,sleep,300,1
2024-11-28 04:15:00,35.22107373898246,sleep,300,1
2024-11-28 04:20:00,35.25008562625092,sleep,300,1
2024-11-28 04:25:00,35.29769724603425,sleep,300,1
2024-11-28 04:30:00,35.29436346757561,sleep,300,1
2024-11-28 04:35:00,35.31649799454141,sleep,300,1
2024-11-28 04:40:00,35.3,sleep,300,1
2024-11-28 04:45:00,35.25258511310645,sleep,300,1
2024-11-28 04:50:00,35.25509230878513,sleep,300,1
2024-11-28 04:55:00,35.27854822543301,sleep,300,1
2024-11-28 05:00:00,35.37864437899378,sleep,300,1
2024-11-28 05:05:00,35.29460287934273,sleep,300,1
2024-11-28 05:10:00,35.3,sleep,300,1
2024-11-28 05:15:00,35.24406169357372,sleep,300,1
2024-11-28 05:20:00,35.22978046365538,sleep,300,1
2024-11-28 05:25:00,35.299894788325815,sleep,300,1
2024-11-28 05:30:00,35.20878607315512,sleep,300,1
2024-11-28 05:35:00,35.28008596154357,sleep,300,1
2024-11-28 05:40:00,35.26810877534729,sleep,300,1
2024-11-28 05:45:00,35.278688173679704,sleep,300,1
2024-11-28 05:50:00,35.2544841163867,sleep,300,1
2024-11-28 05:56:00,35.3,sleep,300,1
2024-11-28 06:01:00,35.22391935503374,sleep,300,1
2024-11-28 06:06:00,35.278233913662035,sleep,300,1
2024-11-28 06:11:00,35.266410142877206,sleep,300,1
2024-11-28 06:16:00,35.31686060162339,sleep,300,1
2024-11-28 06:21:00,35.344675492393804,sleep,300,1
2024-11-28 06:26:00,35.445866958556145,sleep,300,1
2024-11-28 06:31:00,35.403869631039164,sleep,300,1
2024-11-28 06:36:00,35.36426705066311,sleep,300,1
2024-11-28 06:41:00,35.40065782660836,sleep,300,1
2024-11-28 06:46:00,35.39850455694572,sleep,300,1
2024-11-28 06:51:00,35.4614259638547,sleep,300,1
2024-11-28 06:56:00,35.436720174872576,sleep,300,1
2024-11-28 07:01:00,35.39160707211269,sleep,300,1
2024-11-28 07:06:00,35.428111519953525,sleep,300,1
2024-11-28 07:11:00,35.369188320297965,sleep,300,1
2024-11-28 07:16:00,35.8,resting_awake,3600,1
2024-11-28 07:54:00,36.8,active_high,600,1
2024-11-28 08:04:00,36.700363565880245,active_high,600,1
2024-11-28 08:14:00,36.67997337668242,active_high,600,1
2024-11-28 08:24:00,36.657964373099446,active_high,600,1
2024-11-28 08:37:00,35.8,post_meal,1800,1
2024-11-28 09:36:00,36.8,active_low,1800,1
2024-11-28 09:52:00,35.8,resting_awake,3600,1
2024-11-28 11:18:00,35.8,stress_event,300,1
2024-11-28 11:23:00,35.83168291320579,stress_event,300,1
2024-11-28 11:32:00,36.8,active_low,1800,1
2024-11-28 11:58:00,35.8,resting_awake,3600,1
2024-11-28 13:00:00,35.8,post_meal,1800,1
2024-11-28 13:30:00,35.970676164748106,post_meal,1800,1
2024-11-28 14:00:00,30.359857522591692,active_low,1800,0
2024-11-28 14:15:00,35.8,resting_awake,3600,1
2024-11-28 15:15:00,35.8,resting_awake,3600,1
2024-11-28 16:28:00,35.8,resting_awake,3600,1
2024-11-28 17:41:00,36.8,active_low,1800,1
2024-11-28 18:13:00,35.8,resting_awake,3600,1
2024-11-28 18:39:00,36.8,post_exercise,300,1
2024-11-28 18:44:00,37.01626628991795,post_exercise,300,1
2024-11-28 18:49:00,36.95738925532153,post_exercise,300,1
2024-11-28 18:54:00,39.97805159180335,post_exercise,300,0
2024-11-28 18:59:00,35.8,resting_awake,3600,1
2024-11-28 19:36:00,35.8,post_meal,1800,1
2024-11-28 20:06:00,35.5753894759015,post_meal,1800,1
2024-11-28 20:54:00,35.8,post_meal,1800,1
2024-11-28 21:24:00,35.88585616957207,post_meal,1800,1
2024-11-28 21:54:00,35.728154605449234,post_meal,1800,1
2024-11-28 22:25:00,35.8,resting_awake,3600,1
2024-11-28 23:02:00,35.3,sleep,300,1
2024-11-28 23:07:00,35.26983782266901,sleep,300,1
2024-11-28 23:12:00,35.28873401554647,sleep,300,1
2024-11-28 23:17:00,35.33143863135183,sleep,300,1
2024-11-28 23:22:00,35.32258390739254,sleep,300,1
2024-11-28 23:27:00,35.35654887409492,sleep,300,1
2024-11-28 23:32:00,35.323644878823494,sleep,300,1
2024-11-28 23:37:00,35.43463327491656,sleep,300,1
2024-11-28 23:42:00,35.4548335780949,sleep,300,1
2024-11-28 23:47:00,35.45434751885535,sleep,300,1
2024-11-28 23:52:00,35.475205473169076,sleep,300,1
2024-11-29 00:01:00,35.3,sleep,300,1
2024-11-29 00:06:00,35.250725875744166,sleep,300,1
2024-11-29 00:11:00,35.254404122324296,sleep,300,1
2024-11-29 00:16:00,35.24923631354456,sleep,300,1
2024-11-29 00:21:00,35.246410722743356,sleep,300,1
2024-11-29 00:26:00,35.30895446983864,sleep,300,1
2024-11-29 00:31:00,35.3030973578942,sleep,300,1
2024-11-29 00:36:00,35.299792952862475,sleep,300,1
2024-11-29 00:41:00,35.25194213493427,sleep,300,1
2024-11-29 00:46:00,35.326304945189456,sleep,300,1
2024-11-29 00:51:00,35.21802285153066,sleep,300,1
2024-11-29 00:56:00,35.20562247991026,sleep,300,1
2024-11-29 01:01:00,35.27149843941179,sleep,300,1
2024-11-29 01:10:00,35.3,sleep,300,1
2024-11-29 01:15:00,35.26266246265816,sleep,300,1
2024-11-29 01:20:00,35.34768462164837,sleep,300,1
2024-11-29 01:25:00,35.264008329991974,sleep,300,1
2024-11-29 01:30:00,35.23202832221102,sleep,300,1
2024-11-29 01:35:00,35.198483265883,sleep,300,1
2024-11-29 01:40:00,35.135465442730656,sleep,300,1
2024-11-29 01:45:00,35.176901148070016,sleep,300,1
2024-11-29 01:50:00,35.079578201218204,sleep,300,1
2024-11-29 01:55:00,35.10376579458152,sleep,300,1
2024-11-29 02:00:00,35.040357975902495,sleep,300,1
2024-11-29 02:05:00,35.00437210701055,sleep,300,1
2024-11-29 02:10:00,35.3,sleep,300,1
2024-11-29 02:15:00,35.38512947909689,sleep,300,1
2024-11-29 02:20:00,35.37060623998759,sleep,300,1
2024-11-29 02:25:00,35.32002299871175,sleep,300,1
2024-11-29 02:30:00,35.315415783294384,sleep,300,1
2024-11-29 02:35:00,35.34259013883581,sleep,300,1
2024-11-29 02:44:00,35.3,sleep,300,1
2024-11-29 02:49:00,35.320708650739654,sleep,300,1
2024-11-29 02:54:00,35.31008400703753,sleep,300,1
2024-11-29 02:59:00,35.25138024804059,sleep,300,1
2024-11-29 03:04:00,35.28652621757331,sleep,300,1
2024-11-29 03:09:00,35.24504274573649,sleep,300,1
2024-11-29 03:14:00,35.228120632836216,sleep,300,1
2024-11-29 03:19:00,35.24636126034472,sleep,300,1
2024-11-29 03:24:00,35.295465161082205,sleep,300,1
2024-11-29 03:29:00,35.266866767813,sleep,300,1
2024-11-29 03:34:00,35.2115616697374,sleep,300,1
2024-11-29 03:39:00,35.19289659324264,sleep,300,1
2024-11-29 03:44:00,35.19247752135774,sleep,300,1
2024-11-29 03:53:00,35.3,sleep,300,1
2024-11-29 03:58:00,35.34025570286024,sleep,300,1
2024-11-29 04:03:00,35.35943329822075,sleep,300,1
2024-11-29 04:08:00,35.461987838013165,sleep,300,1
2024-11-29 04:13:00,35.47543725264584,sleep,300,1
2024-11-29 04:18:00,35.48341423349718,sleep,300,1
2024-11-29 04:23:00,35.530514634496825,sleep,300,1
2024-11-29 04:28:00,35.60814658146929,sleep,300,1
2024-11-29 04:36:00,35.3,sleep,300,1
2024-11-29 04:41:00,35.27309499432548,sleep,300,1
2024-11-29 04:46:00,35.250058483322434,sleep,300,1
2024-11-29 04:51:00,35.26349476294854,sleep,300,1
2024-11-29 04:56:00,35.149234565346056,sleep,300,1
2024-11-29 05:01:00,35.17014049664882,sleep,300,1
2024-11-29 05:08:00,35.3,sleep,300,1
2024-11-29 05:13:00,35.22319615333072,sleep,300,1
2024-11-29 05:18:00,35.2254319053607,sleep,300,1
2024-11-29 05:23:00,35.27666375933263,sleep,300,1
2024-11-29 05:28:00,35.289687016272985,sleep,300,1
2024-11-29 05:33:00,35.21401730295327,sleep,300,1
2024-11-29 05:38:00,35.09608014465553,sleep,300,1
2024-11-29 05:43:00,35.1387901548336,sleep,300,1
2024-11-29 05:48:00,35.18182288987791,sleep,300,1
2024-11-29 05:53:00,35.13125535498834,sleep,300,1
2024-11-29 05:58:00,35.10369762382218,sleep,300,1
2024-11-29 06:03:00,35.09022541391704,sleep,300,1
2024-11-29 06:08:00,35.067567956105066,sleep,300,1
2024-11-29 06:13:00,35.0331083451961,sleep,300,1
2024-11-29 06:18:00,35.073785675633786,sleep,300,1
2024-11-29 06:23:00,35.04497287688756,sleep,300,1
2024-11-29 06:28:00,34.965620674781064,sleep,300,1
2024-11-29 06:35:00,35.8,sleep_transition,60,1
2024-11-29 06:36:00,35.86033587755877,sleep_transition,60,1
2024-11-29 06:37:00,35.84798861595776,sleep_transition,60,1
2024-11-29 06:38:00,35.84993169602782,sleep_transition,60,1
2024-11-29 06:39:00,35.809648254680575,sleep_transition,60,1
2024-11-29 06:40:00,35.76846828894831,sleep_transition,60,1
2024-11-29 06:41:00,35.76105173548208,sleep_transition,60,1
2024-11-29 06:42:00,35.75418072351438,sleep_transition,60,1
2024-11-29 06:43:00,35.768334542062185,sleep_transition,60,1
2024-11-29 06:44:00,35.727733481204694,sleep_transition,60,1
2024-11-29 06:45:00,35.732583773612106,sleep_transition,60,1
2024-11-29 06:46:00,35.72255019012631,sleep_transition,60,1
2024-11-29 06:47:00,35.693993475582666,sleep_transition,60,1
2024-11-29 06:48:00,35.68213425398464,sleep_transition,60,1
2024-11-29 06:49:00,35.7169486661911,sleep_transition,60,1
2024-11-29 06:50:00,35.729228086213496,sleep_transition,60,1
2024-11-29 06:51:00,35.697616944164814,sleep_transition,60,1
2024-11-29 06:52:00,35.8,sleep_transition,60,1
2024-11-29 06:53:00,35.82696983726137,sleep_transition,60,1
2024-11-29 06:54:00,35.86210829205334,sleep_transition,60,1
2024-11-29 06:55:00,35.84068460285047,sleep_transition,60,1
2024-11-29 06:56:00,35.84958849363996,sleep_transition,60,1
2024-11-29 06:57:00,35.804571047075285,sleep_transition,60,1
2024-11-29 06:58:00,35.83204430763001,sleep_transition,60,1
2024-11-29 06:59:00,35.830155254984945,sleep_transition,60,1
2024-11-29 07:00:00,35.81245547132922,sleep_transition,60,1
2024-11-29 07:01:00,35.863596698881445,sleep_transition,60,1
2024-11-29 07:02:00,35.88867382886477,sleep_transition,60,1
2024-11-29 07:03:00,35.87024601999011,sleep_transition,60,1
2024-11-29 07:04:00,35.90516338360709,sleep_transition,60,1
2024-11-29 07:05:00,35.87558407365979,sleep_transition,60,1
2024-11-29 07:06:00,35.90115877931563,sleep_transition,60,1
2024-11-29 07:07:00,35.883699802362294,sleep_transition,60,1
2024-11-29 07:08:00,35.891690191099464,sleep_transition,60,1
2024-11-29 07:09:00,35.85427957940802,sleep_transition,60,1
2024-11-29 07:10:00,35.84562481308546,sleep_transition,60,1
2024-11-29 07:11:00,35.79090162737838,sleep_transition,60,1
2024-11-29 07:12:00,35.76647667425888,sleep_transition,60,1
2024-11-29 07:13:00,35.70952609128987,sleep_transition,60,1
2024-11-29 07:14:00,35.68911982108691,sleep_transition,60,1
2024-11-29 07:15:00,35.69131066787659,sleep_transition,60,1
2024-11-29 07:16:00,35.8,resting_awake,3600,1
2024-11-29 07:44:00,35.8,resting_awake,3600,1
2024-11-29 08:17:00,35.8,post_meal,1800,1
2024-11-29 08:51:00,35.8,post_meal,1800,1
2024-11-29 09:47:00,35.8,resting_awake,3600,1
2024-11-29 10:56:00,36.8,active_low,1800,1
2024-11-29 11:19:00,35.8,resting_awake,3600,1
2024-11-29 11:55:00,35.8,stress_event,300,1
2024-11-29 12:00:00,35.680856860484326,stress_event,300,1
2024-11-29 12:05:00,35.646605185510325,stress_event,300,1
2024-11-29 12:10:00,35.74304309313651,stress_event,300,1
2024-11-29 12:15:00,35.82141891640766,stress_event,300,1
2024-11-29 12:21:00,35.8,post_meal,1800,1
2024-11-29 12:51:00,35.7665373530538,post_meal,1800,1
2024-11-29 13:37:00,35.8,post_meal,1800,1
2024-11-29 14:07:00,35.898901361731596,post_meal,1800,1
2024-11-29 15:05:00,35.8,resting_awake,3600,1
2024-11-29 16:10:00,35.8,stress_event,300,1
2024-11-29 16:15:00,35.71815101047359,stress_event,300,1
2024-11-29 16:20:00,35.79847641536731,stress_event,300,1
2024-11-29 16:27:00,35.8,resting_awake,3600,1
2024-11-29 17:46:00,36.8,active_high,600,1
2024-11-29 17:56:00,36.676738557326104,active_high,600,1
2024-11-29 18:06:00,36.79555441940305,active_high,600,1
2024-11-29 18:19:00,35.8,resting_awake,3600,1
2024-11-29 18:53:00,36.8,post_exercise,300,1
2024-11-29 18:58:00,36.841319761098255,post_exercise,300,1
2024-11-29 19:03:00,36.838200751124155,post_exercise,300,1
2024-11-29 19:08:00,36.662028914697174,post_exercise,300,1
2024-11-29 19:16:00,35.8,post_meal,1800,1
2024-11-29 19:46:00,31.395551286130647,post_meal,1800,0
2024-11-29 20:16:00,35.706724706187096,post_meal,1800,1
2024-11-29 20:57:00,35.8,post_meal,1800,1
2024-11-29 21:27:00,35.297035926877534,post_meal,1800,1
2024-11-29 21:57:00,35.20846723223229,post_meal,1800,1
2024-11-29 22:46:00,35.8,resting_awake,3600,1
2024-11-29 23:31:00,35.3,sleep,300,1
2024-11-29 23:36:00,35.296705121872144,sleep,300,1
2024-11-29 23:41:00,35.28787828361959,sleep,300,1
2024-11-29 23:46:00,35.254586291149536,sleep,300,1
2024-11-29 23:51:00,35.19251145646907,sleep,300,1
2024-11-29 23:56:00,35.169410661578006,sleep,300,1
2024-11-30 00:01:00,35.18262108003553,sleep,300,1
2024-11-30 00:06:00,35.21387288292369,sleep,300,1
2024-11-30 00:11:00,35.198443053877675,sleep,300,1
2024-11-30 00:17:00,35.3,sleep,300,1
2024-11-30 00:22:00,35.192306538484914,sleep,300,1
2024-11-30 00:27:00,35.21549546960576,sleep,300,1
2024-11-30 00:32:00,41.55269046631404,sleep,300,0
2024-11-30 00:37:00,35.25361567827246,sleep,300,1
2024-11-30 00:42:00,35.23903345355317,sleep,300,1
2024-11-30 00:47:00,35.20333369345952,sleep,300,1
2024-11-30 00:52:00,35.242978711331055,sleep,300,1
2024-11-30 00:57:00,35.20735605701748,sleep,300,1
2024-11-30 01:02:00,35.17284766230474,sleep,300,1
2024-11-30 01:07:00,35.14644315978248,sleep,300,1
2024-11-30 01:15:00,35.3,sleep,300,1
2024-11-30 01:20:00,35.28807146956318,sleep,300,1
2024-11-30 01:25:00,35.342542514938806,sleep,300,1
2024-11-30 01:30:00,35.36469454296951,sleep,300,1
2024-11-30 01:35:00,35.343876700943234,sleep,300,1
2024-11-30 01:40:00,35.36356872863619,sleep,300,1
2024-11-30 01:45:00,35.257071185780916,sleep,300,1
2024-11-30 01:50:00,35.309036258243765,sleep,300,1
2024-11-30 01:55:00,35.242285976974216,sleep,300,1
2024-11-30 02:00:00,35.291163530553476,sleep,300,1
2024-11-30 02:05:00,35.30934244361012,sleep,300,1
2024-11-30 02:10:00,35.26027399697236,sleep,300,1
2024-11-30 02:15:00,35.32723683901352,sleep,300,1
2024-11-30 02:20:00,35.4571071282459,sleep,300,1
2024-11-30 02:26:00,35.3,sleep,300,1
2024-11-30 02:31:00,35.258600772857086,sleep,300,1
2024-11-30 02:36:00,35.33465919703558,sleep,300,1
2024-11-30 02:41:00,35.342752831205445,sleep,300,1
2024-11-30 02:46:00,35.25550138260678,sleep,300,1
2024-11-30 02:51:00,35.26948277006728,sleep,300,1
2024-11-30 02:56:00,35.270580828391886,sleep,300,1
2024-11-30 03:03:00,35.3,sleep,300,1
2024-11-30 03:08:00,35.36715862259914,sleep,300,1
2024-11-30 03:13:00,35.413597564975724,sleep,300,1
2024-11-30 03:18:00,35.4084805311414,sleep,300,1
2024-11-30 03:23:00,35.35746330861732,sleep,300,1
2024-11-30 03:28:00,35.38274844927752,sleep,300,1
2024-11-30 03:33:00,35.26859000387965,sleep,300,1
2024-11-30 03:38:00,35.2349236370699,sleep,300,1
2024-11-30 03:43:00,35.31823673466939,sleep,300,1
2024-11-30 03:48:00,35.369938914407946,sleep,300,1
2024-11-30 03:53:00,35.32636567816914,sleep,300,1
2024-11-30 03:58:00,35.29700276209413,sleep,300,1
2024-11-30 04:06:00,35.3,sleep,300,1
2024-11-30 04:11:00,35.36161113828857,sleep,300,1
2024-11-30 04:16:00,35.3186506952914,sleep,300,1
2024-11-30 04:21:00,35.30872566745187,sleep,300,1
2024-11-30 04:26:00,35.27869830320531,sleep,300,1
2024-11-30 04:31:00,35.27876993131605,sleep,300,1
2024-11-30 04:36:00,35.21421346851125,sleep,300,1
2024-11-30 04:41:00,35.21425779717517,sleep,300,1
2024-11-30 04:46:00,35.208808336699676,sleep,300,1
2024-11-30 04:51:00,35.16604927656953,sleep,300,1
2024-11-30 04:56:00,35.23099321612523,sleep,300,1
2024-11-30 05:01:00,35.244758617248166,sleep,300,1
2024-11-30 05:06:00,35.26023031560184,sleep,300,1
2024-11-30 05:11:00,35.18836884981614,sleep,300,1
2024-11-30 05:16:00,35.20351646790586,sleep,300,1
2024-11-30 05:21:00,35.22468876792262,sleep,300,1
2024-11-30 05:26:00,35.236135521685426,sleep,300,1
2024-11-30 05:34:00,35.3,sleep,300,1
2024-11-30 05:39:00,35.2665618286,sleep,300,1
2024-11-30 05:44:00,35.264024518049645,sleep,300,1
2024-11-30 05:49:00,35.251615860153294,sleep,300,1
2024-11-30 05:54:00,35.26655850697112,sleep,300,1
2024-11-30 05:59:00,35.28702984440498,sleep,300,1
2024-11-30 06:04:00,35.33914839963256,sleep,300,1
2024-11-30 06:09:00,35.2870078780341,sleep,300,1
2024-11-30 06:17:00,35.8,sleep_transition,60,1
2024-11-30 06:18:00,35.80515328672394,sleep_transition,60,1
2024-11-30 06:19:00,35.81513965569494,sleep_transition,60,1
2024-11-30 06:20:00,35.81780558670468,sleep_transition,60,1
2024-11-30 06:21:00,35.76755202641556,sleep_transition,60,1
2024-11-30 06:22:00,35.78725414658832,sleep_transition,60,1
2024-11-30 06:23:00,35.76675023756564,sleep_transition,60,1
2024-11-30 06:24:00,35.723448732277674,sleep_transition,60,1
2024-11-30 06:25:00,35.71674813960307,sleep_transition,60,1
2024-11-30 06:26:00,35.74356866442596,sleep_transition,60,1
2024-11-30 06:27:00,35.74937784728305,sleep_transition,60,1
2024-11-30 06:28:00,35.71816683572194,sleep_transition,60,1
2024-11-30 06:29:00,35.74928605227906,sleep_transition,60,1
2024-11-30 06:30:00,35.7330276073533,sleep_transition,60,1
2024-11-30 06:31:00,35.7154967819157,sleep_transition,60,1
2024-11-30 06:32:00,35.77631301090405,sleep_transition,60,1
2024-11-30 06:33:00,35.810114538620894,sleep_transition,60,1
2024-11-30 06:34:00,35.7961096899005,sleep_transition,60,1
2024-11-30 06:35:00,35.766950804995425,sleep_transition,60,1
2024-11-30 06:36:00,35.8,sleep_transition,60,1
2024-11-30 06:37:00,35.82413295838273,sleep_transition,60,1
2024-11-30 06:38:00,35.85866470273065,sleep_transition,60,1
2024-11-30 06:39:00,35.805491036745714,sleep_transition,60,1
2024-11-30 06:40:00,35.78723631857316,sleep_transition,60,1
2024-11-30 06:41:00,35.816071229085175,sleep_transition,60,1
2024-11-30 06:42:00,35.87098370644444,sleep_transition,60,1
2024-11-30 06:43:00,35.873710739117826,sleep_transition,60,1
2024-11-30 06:44:00,35.87670911131611,sleep_transition,60,1
2024-11-30 06:45:00,35.86923667320494,sleep_transition,60,1
2024-11-30 06:46:00,35.87058990810417,sleep_transition,60,1
2024-11-30 06:47:00,35.86023770426974,sleep_transition,60,1
2024-11-30 06:48:00,35.82913285175869,sleep_transition,60,1
2024-11-30 06:49:00,35.813849097312776,sleep_transition,60,1
2024-11-30 06:50:00,35.82332994998724,sleep_transition,60,1
2024-11-30 06:51:00,35.83034065056659,sleep_transition,60,1
2024-11-30 06:52:00,35.84422176503469,sleep_transition,60,1
2024-11-30 06:53:00,35.84052323058574,sleep_transition,60,1
2024-11-30 06:54:00,35.80557453565616,sleep_transition,60,1
2024-11-30 06:55:00,35.83207842217747,sleep_transition,60,1
2024-11-30 06:56:00,35.805929528344,sleep_transition,60,1
2024-11-30 06:57:00,35.80578770224699,sleep_transition,60,1
2024-11-30 06:58:00,30.899646231802826,sleep_transition,60,0
2024-11-30 06:59:00,35.771265948551935,sleep_transition,60,1
2024-11-30 07:00:00,35.8,resting_awake,3600,1
2024-11-30 07:23:00,36.8,active_high,600,1
2024-11-30 07:33:00,36.88117099287168,active_high,600,1
2024-11-30 07:51:00,36.8,active_high,600,1
2024-11-30 08:01:00,37.009735156986046,active_high,600,1
2024-11-30 08:18:00,35.8,post_meal,1800,1
2024-11-30 09:07:00,35.8,resting_awake,3600,1
2024-11-30 10:28:00,35.8,stress_event,300,1
2024-11-30 10:33:00,35.7668413031946,stress_event,300,1
2024-11-30 10:42:00,35.8,resting_awake,3600,1
2024-11-30 12:07:00,35.8,post_meal,1800,1
2024-11-30 12:37:00,36.11962498822663,post_meal,1800,1
2024-11-30 13:36:00,35.8,post_meal,1800,1
2024-11-30 14:06:00,35.804330465187334,post_meal,1800,1
2024-11-30 14:50:00,35.8,resting_awake,3600,1
2024-11-30 16:08:00,35.8,resting_awake,3600,1
2024-11-30 17:20:00,36.8,active_low,1800,1
2024-11-30 17:57:00,36.8,active_high,600,1
2024-11-30 18:07:00,36.948112191217525,active_high,600,1
2024-11-30 18:17:00,36.87382888605794,active_high,600,1
2024-11-30 18:31:00,35.8,resting_awake,3600,1
2024-11-30 19:10:00,35.8,post_meal,1800,1
2024-11-30 19:40:00,36.184199173128306,post_meal,1800,1
2024-11-30 20:10:00,36.263542192008735,post_meal,1800,1
2024-11-30 20:55:00,35.8,post_meal,1800,1
2024-11-30 21:25:00,35.77369902638833,post_meal,1800,1
2024-11-30 21:55:00,36.00118178243111,post_meal,1800,1
2024-11-30 22:51:00,35.8,resting_awake,3600,1
2024-11-30 23:26:00,35.3,sleep,300,1
2024-11-30 23:31:00,35.31011851296822,sleep,300,1
2024-11-30 23:36:00,35.41784463251706,sleep,300,1
2024-11-30 23:41:00,35.467358140291424,sleep,300,1
2024-11-30 23:46:00,35.491033878434195,sleep,300,1
2024-11-30 23:51:00,35.53097945460656,sleep,300,1
2024-11-30 23:56:00,35.53256350848004,sleep,300,1
2024-12-01 00:01:00,35.39025537869911,sleep,300,1
2024-12-01 00:06:00,35.403233759100885,sleep,300,1
2024-12-01 00:14:00,35.3,sleep,300,1
2024-12-01 00:19:00,35.30270555418145,sleep,300,1
2024-12-01 00:24:00,35.343398301133135,sleep,300,1
2024-12-01 00:29:00,35.226933662988145,sleep,300,1
2024-12-01 00:34:00,35.20051781153147,sleep,300,1
2024-12-01 00:39:00,35.28746654866387,sleep,300,1
2024-12-01 00:44:00,35.36830201820229,sleep,300,1
2024-12-01 00:49:00,35.44145333909831,sleep,300,1
2024-12-01 00:54:00,35.45689244115096,sleep,300,1
2024-12-01 00:59:00,35.39359757906946,sleep,300,1
2024-12-01 01:04:00,35.355966231414065,sleep,300,1
2024-12-01 01:09:00,35.3925596509362,sleep,300,1
2024-12-01 01:14:00,35.37807766582768,sleep,300,1
2024-12-01 01:19:00,35.31069059161731,sleep,300,1
2024-12-01 01:24:00,35.291644662501795,sleep,300,1
2024-12-01 01:29:00,35.25246348138225,sleep,300,1
2024-12-01 01:34:00,35.3,sleep,300,1
2024-12-01 01:39:00,35.28846820231087,sleep,300,1
2024-12-01 01:44:00,35.19153829771607,sleep,300,1
2024-12-01 01:49:00,35.20596165810276,sleep,300,1
2024-12-01 01:54:00,35.237745542359946,sleep,300,1
2024-12-01 01:59:00,35.28517863816531,sleep,300,1
2024-12-01 02:04:00,35.23228371719649,sleep,300,1
2024-12-01 02:09:00,35.149409764559124,sleep,300,1
2024-12-01 02:14:00,35.145303651783784,sleep,300,1
2024-12-01 02:19:00,35.06980252059752,sleep,300,1
2024-12-01 02:24:00,35.08454153444079,sleep,300,1
2024-12-01 02:29:00,35.024611087596185,sleep,300,1
2024-12-01 02:34:00,34.9677848753497,sleep,300,1
2024-12-01 02:39:00,35.030925314581054,sleep,300,1
2024-12-01 02:44:00,34.87672847315201,sleep,300,1
2024-12-01 02:49:00,34.95251404421849,sleep,300,1
2024-12-01 02:54:00,34.83949255841173,sleep,300,1
2024-12-01 02:59:00,35.3,sleep,300,1
2024-12-01 03:04:00,35.35519866301784,sleep,300,1
2024-12-01 03:09:00,35.31785850297121,sleep,300,1
2024-12-01 03:14:00,35.364049748616665,sleep,300,1
2024-12-01 03:19:00,35.36244210191114,sleep,300,1
2024-12-01 03:24:00,35.46735958232154,sleep,300,1
2024-12-01 03:29:00,35.3,sleep,300,1
2024-12-01 03:34:00,35.347487635480384,sleep,300,1
2024-12-01 03:39:00,35.38229022252228,sleep,300,1
2024-12-01 03:44:00,35.37683051423263,sleep,300,1
2024-12-01 03:49:00,35.370778339412325,sleep,300,1
2024-12-01 03:54:00,35.348202616165224,sleep,300,1
2024-12-01 03:59:00,35.42582976952266,sleep,300,1
2024-12-01 04:04:00,35.42164643468005,sleep,300,1
2024-12-01 04:11:00,35.3,sleep,300,1
2024-12-01 04:16:00,35.36655962099927,sleep,300,1
2024-12-01 04:21:00,35.44080062754383,sleep,300,1
2024-12-01 04:26:00,35.41335129020904,sleep,300,1
2024-12-01 04:31:00,35.418471656970105,sleep,300,1
2024-12-01 04:36:00,35.4052955487549,sleep,300,1
2024-12-01 04:41:00,35.27786868411519,sleep,300,1
2024-12-01 04:46:00,35.366998001992826,sleep,300,1
2024-12-01 04:51:00,35.30014430061274,sleep,300,1
2024-12-01 04:56:00,35.37161197103329,sleep,300,1
2024-12-01 05:01:00,35.3157592156052,sleep,300,1
2024-12-01 05:06:00,35.34399673835933,sleep,300,1
2024-12-01 05:11:00,35.343864536192896,sleep,300,1
2024-12-01 05:16:00,35.372276070598915,sleep,300,1
2024-12-01 05:21:00,35.32399401800532,sleep,300,1
2024-12-01 05:26:00,35.29709200797044,sleep,300,1
2024-12-01 05:31:00,35.20399178123558,sleep,300,1
2024-12-01 05:38:00,35.3,sleep,300,1
2024-12-01 05:43:00,35.366367655274786,sleep,300,1
2024-12-01 05:48:00,35.41258669335448,sleep,300,1
2024-12-01 05:53:00,35.34232426735676,sleep,300,1
2024-12-01 05:58:00,35.35078553426021,sleep,300,1
2024-12-01 06:03:00,35.25440173652938,sleep,300,1
2024-12-01 06:08:00,35.23187349797542,sleep,300,1
2024-12-01 06:13:00,35.245774395765686,sleep,300,1
2024-12-01 06:18:00,35.31224827142731,sleep,300,1
2024-12-01 06:23:00,35.379405086933474,sleep,300,1
2024-12-01 06:28:00,35.35486380713555,sleep,300,1
2024-12-01 06:33:00,35.372553353353354,sleep,300,1
2024-12-01 06:39:00,35.8,sleep_transition,60,1
2024-12-01 06:40:00,35.79895349576439,sleep_transition,60,1
2024-12-01 06:41:00,35.80460429201601,sleep_transition,60,1
2024-12-01 06:42:00,35.82313371649257,sleep_transition,60,1
2024-12-01 06:43:00,35.80602182488671,sleep_transition,60,1
2024-12-01 06:44:00,35.77130541451915,sleep_transition,60,1
2024-12-01 06:45:00,35.73126701729498,sleep_transition,60,1
2024-12-01 06:46:00,35.73500406863048,sleep_transition,60,1
2024-12-01 06:47:00,35.77752668100458,sleep_transition,60,1
2024-12-01 06:48:00,35.75858549171288,sleep_transition,60,1
2024-12-01 06:49:00,35.76054171347709,sleep_transition,60,1
2024-12-01 06:50:00,35.8,sleep_transition,60,1
2024-12-01 06:51:00,35.78557732420892,sleep_transition,60,1
2024-12-01 06:52:00,35.76379448582136,sleep_transition,60,1
2024-12-01 06:53:00,35.7229553199944,sleep_transition,60,1
2024-12-01 06:54:00,35.682255524522255,sleep_transition,60,1
2024-12-01 06:55:00,35.68162607830906,sleep_transition,60,1
2024-12-01 06:56:00,35.68906165245749,sleep_transition,60,1
2024-12-01 06:57:00,35.673360229554866,sleep_transition,60,1
2024-12-01 06:58:00,35.6518337983944,sleep_transition,60,1
2024-12-01 06:59:00,35.69965781646575,sleep_transition,60,1
2024-12-01 07:00:00,35.712811510100245,sleep_transition,60,1
2024-12-01 07:01:00,35.74301454846462,sleep_transition,60,1
2024-12-01 07:02:00,35.74347501841809,sleep_transition,60,1
2024-12-01 07:03:00,35.787022399467965,sleep_transition,60,1
2024-12-01 07:04:00,35.739523110898425,sleep_transition,60,1
2024-12-01 07:05:00,35.7415168200912,sleep_transition,60,1
2024-12-01 07:06:00,35.73144966509678,sleep_transition,60,1
2024-12-01 07:07:00,35.74394037735804,sleep_transition,60,1
2024-12-01 07:08:00,35.689080679522355,sleep_transition,60,1
2024-12-01 07:09:00,35.70630805457718,sleep_transition,60,1
2024-12-01 07:10:00,35.72935876396005,sleep_transition,60,1
2024-12-01 07:11:00,35.8,resting_awake,3600,1
2024-12-01 07:51:00,35.8,resting_awake,3600,1
2024-12-01 08:15:00,35.8,post_meal,1800,1
2024-12-01 09:03:00,35.8,resting_awake,3600,1
2024-12-01 09:34:00,35.8,resting_awake,3600,1
2024-12-01 10:41:00,35.8,resting_awake,3600,1
2024-12-01 11:44:00,36.8,active_low,1800,1
2024-12-01 12:02:00,35.8,post_meal,1800,1
2024-12-01 12:49:00,35.8,post_meal,1800,1
2024-12-01 13:19:00,35.781571195670196,post_meal,1800,1
2024-12-01 14:10:00,35.8,resting_awake,3600,1
2024-12-01 15:36:00,35.8,resting_awake,3600,1
2024-12-01 16:51:00,35.8,resting_awake,3600,1
2024-12-01 17:58:00,36.8,active_low,1800,1
2024-12-01 18:29:00,35.8,resting_awake,3600,1
2024-12-01 19:07:00,35.8,post_meal,1800,1
2024-12-01 19:37:00,35.6518760379606,post_meal,1800,1
2024-12-01 20:20:00,35.8,post_meal,1800,1
2024-12-01 20:50:00,35.64497796330961,post_meal,1800,1
2024-12-01 21:20:00,35.767202337422525,post_meal,1800,1
2024-12-01 22:10:00,35.8,resting_awake,3600,1
2024-12-01 23:00:00,35.3,sleep,300,1
2024-12-01 23:05:00,35.25429629328228,sleep,300,1
2024-12-01 23:10:00,35.3162159054899,sleep,300,1
2024-12-01 23:15:00,35.394933350586605,sleep,300,1
2024-12-01 23:20:00,35.280513396072884,sleep,300,1
2024-12-01 23:25:00,35.34062615395141,sleep,300,1
2024-12-01 23:34:00,35.3,sleep,300,1
2024-12-01 23:39:00,35.26333610913459,sleep,300,1
2024-12-01 23:44:00,35.16932174704828,sleep,300,1
2024-12-01 23:49:00,35.241669399080855,sleep,300,1
2024-12-01 23:54:00,35.23991300219641,sleep,300,1
2024-12-01 23:59:00,35.26190484551995,sleep,300,1
2024-12-02 00:04:00,35.20231470204501,sleep,300,1
2024-12-02 00:09:00,35.155191055605336,sleep,300,1
