timestamp,hrv_rmssd_ms,context,sampling_interval_sec,quality_flag
2024-11-25 00:00:00,36.4,sleep,300,1
2024-11-25 00:05:00,36.22451089905856,sleep,300,1
2024-11-25 00:10:00,38.96456641202192,sleep,300,1
2024-11-25 00:15:00,35.72026215692662,sleep,300,1
2024-11-25 00:20:00,36.8062956457399,sleep,300,1
2024-11-25 00:25:00,34.62931054462325,sleep,300,1
2024-11-25 00:30:00,31.823153669844586,sleep,300,1
2024-11-25 00:35:00,25.051329906798056,sleep,300,1
2024-11-25 00:40:00,25.095913453975424,sleep,300,1
2024-11-25 00:45:00,27.41530508176907,sleep,300,1
2024-11-25 00:50:00,28.190145519493417,sleep,300,1
2024-11-25 00:55:00,26.569040047050095,sleep,300,1
2024-11-25 01:00:00,22.226660713896262,sleep,300,1
2024-11-25 01:05:00,24.18296537066358,sleep,300,1
2024-11-25 01:10:00,20.46948118498128,sleep,300,1
2024-11-25 01:15:00,14.542030515244692,sleep,300,1
2024-11-25 01:22:00,36.4,sleep,300,1
2024-11-25 01:27:00,40.357559093586836,sleep,300,1
2024-11-25 01:32:00,35.520413256893356,sleep,300,1
2024-11-25 01:37:00,37.68055750522083,sleep,300,1
2024-11-25 01:42:00,36.11724048246037,sleep,300,1
2024-11-25 01:47:00,40.7064146392804,sleep,300,1
2024-11-25 01:52:00,36.4,sleep,300,1
2024-11-25 01:57:00,37.530197199301384,sleep,300,1
2024-11-25 02:02:00,32.17823740719351,sleep,300,1
2024-11-25 02:07:00,34.20310034810681,sleep,300,1
2024-11-25 02:12:00,32.68616495813801,sleep,300,1
2024-11-25 02:17:00,33.155543541635716,sleep,300,1
2024-11-25 02:22:00,32.61275597997918,sleep,300,1
2024-11-25 02:27:00,34.76398419546584,sleep,300,1
2024-11-25 02:32:00,30.35086323185607,sleep,300,1
2024-11-25 02:37:00,30.288654401984658,sleep,300,1
2024-11-25 02:42:00,32.83835875020394,sleep,300,1
2024-11-25 02:47:00,36.4,sleep,300,1
2024-11-25 02:52:00,37.644318262492895,sleep,300,1
2024-11-25 02:57:00,36.152488833134434,sleep,300,1
2024-11-25 03:02:00,32.292262034288974,sleep,300,1
2024-11-25 03:07:00,35.53627546923677,sleep,300,1
2024-11-25 03:12:00,39.30882204455019,sleep,300,1
2024-11-25 03:17:00,38.37203676050285,sleep,300,1
2024-11-25 03:22:00,37.52050949045467,sleep,300,1
2024-11-25 03:27:00,39.79199613140607,sleep,300,1
2024-11-25 03:32:00,40.320967189835784,sleep,300,1
2024-11-25 03:37:00,38.87526588061652,sleep,300,1
2024-11-25 03:43:00,36.4,sleep,300,1
2024-11-25 03:48:00,34.85957560868447,sleep,300,1
2024-11-25 03:53:00,30.043875334071828,sleep,300,1
2024-11-25 03:58:00,29.57911665094817,sleep,300,1
2024-11-25 04:03:00,32.14461910625866,sleep,300,1
2024-11-25 04:08:00,29.221099865688135,sleep,300,1
2024-11-25 04:13:00,30.76104089611393,sleep,300,1
2024-11-25 04:18:00,29.149900306504232,sleep,300,1
2024-11-25 04:23:00,24.11728828589174,sleep,300,1
2024-11-25 04:28:00,27.109210340803624,sleep,300,1
2024-11-25 04:33:00,26.445912449543552,sleep,300,1
2024-11-25 04:38:00,23.917765322743158,sleep,300,1
2024-11-25 04:43:00,24.66071609716007,sleep,300,1
2024-11-25 04:48:00,36.4,sleep,300,1
2024-11-25 04:53:00,40.41380084211578,sleep,300,1
2024-11-25 04:58:00,48.014335502336316,sleep,300,1
2024-11-25 05:03:00,44.93108580420851,sleep,300,1
2024-11-25 05:08:00,44.38080628464282,sleep,300,1
2024-11-25 05:13:00,46.57544555895872,sleep,300,1
2024-11-25 05:18:00,45.794757520063456,sleep,300,1
2024-11-25 05:23:00,47.470518452933575,sleep,300,1
2024-11-25 05:28:00,52.24605342106923,sleep,300,1
2024-11-25 05:33:00,49.699326599141344,sleep,300,1
2024-11-25 05:38:00,50.20095106904204,sleep,300,1
2024-11-25 05:43:00,44.92096343204788,sleep,300,1
2024-11-25 05:48:00,48.609941268557165,sleep,300,1
2024-11-25 05:53:00,47.06250239751626,sleep,300,1
2024-11-25 05:58:00,50.765330859985035,sleep,300,1
2024-11-25 06:04:00,28.0,sleep_transition,60,1
2024-11-25 06:05:00,30.100765675870715,sleep_transition,60,1
2024-11-25 06:06:00,30.612871780979468,sleep_transition,60,1
2024-11-25 06:07:00,29.595252467053122,sleep_transition,60,1
2024-11-25 06:08:00,27.132232252567512,sleep_transition,60,1
2024-11-25 06:09:00,30.002271388352735,sleep_transition,60,1
2024-11-25 06:10:00,33.057483189340346,sleep_transition,60,1
2024-11-25 06:11:00,30.746160069414607,sleep_transition,60,1
2024-11-25 06:12:00,32.41720526861995,sleep_transition,60,1
2024-11-25 06:13:00,35.816536249362294,sleep_transition,60,1
2024-11-25 06:14:00,28.0,sleep_transition,60,1
2024-11-25 06:15:00,26.78902994086605,sleep_transition,60,1
2024-11-25 06:16:00,27.063456093358873,sleep_transition,60,1
2024-11-25 06:17:00,26.507959898869785,sleep_transition,60,1
2024-11-25 06:18:00,26.333416267860112,sleep_transition,60,1
2024-11-25 06:19:00,26.84899908903705,sleep_transition,60,1
2024-11-25 06:20:00,25.522373796540826,sleep_transition,60,1
2024-11-25 06:21:00,26.00037109348702,sleep_transition,60,1
2024-11-25 06:22:00,22.75668333116235,sleep_transition,60,1
2024-11-25 06:23:00,21.018702059813755,sleep_transition,60,1
2024-11-25 06:24:00,20.521582688465088,sleep_transition,60,1
2024-11-25 06:25:00,19.99342416993251,sleep_transition,60,1
2024-11-25 06:26:00,21.661180800603688,sleep_transition,60,1
2024-11-25 06:27:00,21.3377138946494,sleep_transition,60,1
2024-11-25 06:28:00,23.157440516098028,sleep_transition,60,1
2024-11-25 06:29:00,23.35983398792653,sleep_transition,60,1
2024-11-25 06:30:00,25.071666471794725,sleep_transition,60,1
2024-11-25 06:31:00,19.441719995861234,sleep_transition,60,1
2024-11-25 06:32:00,20.332944089746853,sleep_transition,60,1
2024-11-25 06:33:00,21.1829200758018,sleep_transition,60,1
2024-11-25 06:34:00,23.44831374562686,sleep_transition,60,1
2024-11-25 06:35:00,28.0,sleep_transition,60,1
2024-11-25 06:36:00,27.65524906837745,sleep_transition,60,1
2024-11-25 06:37:00,24.635125456421033,sleep_transition,60,1
2024-11-25 06:38:00,21.13650053297005,sleep_transition,60,1
2024-11-25 06:39:00,24.24038838425101,sleep_transition,60,1
2024-11-25 06:40:00,24.117961888081812,sleep_transition,60,1
2024-11-25 06:41:00,22.67785173222971,sleep_transition,60,1
2024-11-25 06:42:00,24.71459968695097,sleep_transition,60,1
2024-11-25 06:43:00,29.001646087864216,sleep_transition,60,1
2024-11-25 06:44:00,29.15575624289404,sleep_transition,60,1
2024-11-25 06:45:00,24.5570966898705,sleep_transition,60,1
2024-11-25 06:46:00,23.903501386940228,sleep_transition,60,1
2024-11-25 06:47:00,21.688045672495463,sleep_transition,60,1
2024-11-25 06:48:00,22.68783133102846,sleep_transition,60,1
2024-11-25 06:49:00,21.76438512659137,sleep_transition,60,1
2024-11-25 06:50:00,20.6266381399164,sleep_transition,60,1
2024-11-25 06:51:00,15.009042455849269,sleep_transition,60,1
2024-11-25 06:52:00,16.91492868423764,sleep_transition,60,1
2024-11-25 06:53:00,14.65769774350707,sleep_transition,60,1
2024-11-25 06:54:00,12.245824369185117,sleep_transition,60,1
2024-11-25 06:55:00,13.621681183892035,sleep_transition,60,1
2024-11-25 06:56:00,14.68754323075762,sleep_transition,60,1
2024-11-25 06:57:00,14.671632177608378,sleep_transition,60,1
2024-11-25 06:58:00,14.462243773520163,sleep_transition,60,1
2024-11-25 06:59:00,17.29484929193806,sleep_transition,60,1
2024-11-25 07:39:00,28.0,resting_awake,900,1
2024-11-25 08:08:00,28.0,post_meal,600,1
2024-11-25 08:18:00,32.763762086947665,post_meal,600,1
2024-11-25 08:28:00,31.121576640351666,post_meal,600,1
2024-11-25 08:43:00,28.0,post_meal,600,1
2024-11-25 08:53:00,33.64474318946056,post_meal,600,1
2024-11-25 09:03:00,23.269597709792038,post_meal,600,1
2024-11-25 09:21:00,19.599999999999998,stress_event,60,1
2024-11-25 09:22:00,17.87475746027367,stress_event,60,1
2024-11-25 09:23:00,14.34511622490629,stress_event,60,1
2024-11-25 09:24:00,11.816449881575782,stress_event,60,1
2024-11-25 09:25:00,8.699485917213188,stress_event,60,1
2024-11-25 09:26:00,9.452330199508046,stress_event,60,1
2024-11-25 09:27:00,12.603113477372863,stress_event,60,1
2024-11-25 09:28:00,16.110289648567456,stress_event,60,1
2024-11-25 09:29:00,21.004699049718198,stress_event,60,1
2024-11-25 09:30:00,21.09333708652077,stress_event,60,1
2024-11-25 09:31:00,18.71697371282048,stress_event,60,1
2024-11-25 09:32:00,22.007474550132727,stress_event,60,1
2024-11-25 09:33:00,23.340183274098163,stress_event,60,1
2024-11-25 09:34:00,22.913784245405157,stress_event,60,1
2024-11-25 09:35:00,23.526341229372274,stress_event,60,1
2024-11-25 09:36:00,23.122683567611553,stress_event,60,1
2024-11-25 09:37:00,18.37965213246038,stress_event,60,1
2024-11-25 09:38:00,23.522390031537544,stress_event,60,1
2024-11-25 10:24:00,28.0,resting_awake,900,1
2024-11-25 10:39:00,23.658431806761254,resting_awake,900,1
2024-11-25 10:54:00,21.519604421840004,resting_awake,900,1
2024-11-25 11:09:00,37.30790405780199,resting_awake,900,1
2024-11-25 11:24:00,35.83670066453034,resting_awake,900,1
2024-11-25 11:43:00,28.0,resting_awake,900,1
2024-11-25 11:58:00,34.1475347906732,resting_awake,900,1
2024-11-25 12:18:00,28.0,post_meal,600,1
2024-11-25 12:28:00,23.626683813399282,post_meal,600,1
2024-11-25 12:38:00,24.206849833748933,post_meal,600,1
2024-11-25 12:48:00,12.06097938680614,post_meal,600,1
2024-11-25 12:58:00,18.394297997782537,post_meal,600,1
2024-11-25 13:17:00,28.0,post_meal,600,1
2024-11-25 13:27:00,30.584493507172027,post_meal,600,1
2024-11-25 13:37:00,41.277412546309975,post_meal,600,1
2024-11-25 13:47:00,38.96795919199281,post_meal,600,1
2024-11-25 13:57:00,39.02326674287714,post_meal,600,1
2024-11-25 14:07:00,36.550160146647336,post_meal,600,1
2024-11-25 14:25:00,28.0,resting_awake,900,1
2024-11-25 14:40:00,13.668455692024002,resting_awake,900,1
2024-11-25 14:55:00,29.643252303868213,resting_awake,900,1
2024-11-25 15:10:00,28.0,resting_awake,900,1
2024-11-25 15:25:00,24.9022284211042,resting_awake,900,1
2024-11-25 15:40:00,27.496216133744234,resting_awake,900,1
2024-11-25 16:11:00,28.0,resting_awake,900,1
2024-11-25 16:26:00,37.304482232847576,resting_awake,900,1
2024-11-25 16:41:00,43.60690788819826,resting_awake,900,1
2024-11-25 16:56:00,35.239747737792584,resting_awake,900,1
2024-11-25 17:11:00,35.10692625292717,resting_awake,900,1
2024-11-25 18:13:00,28.0,resting_awake,900,1
2024-11-25 18:28:00,34.47238648973764,resting_awake,900,1
2024-11-25 18:44:00,28.0,resting_awake,900,1
2024-11-25 19:13:00,28.0,post_meal,600,1
2024-11-25 19:23:00,21.870627555168067,post_meal,600,1
2024-11-25 19:33:00,13.864016355838732,post_meal,600,1
2024-11-25 19:43:00,20.83248750193221,post_meal,600,1
2024-11-25 19:53:00,23.52460857828155,post_meal,600,1
2024-11-25 20:03:00,1.0,post_meal,600,0
2024-11-25 20:13:00,28.0,post_meal,600,1
2024-11-25 20:23:00,24.241828326261178,post_meal,600,1
2024-11-25 20:33:00,28.739244512193807,post_meal,600,1
2024-11-25 20:43:00,35.321037056660266,post_meal,600,1
2024-11-25 20:53:00,46.41726608957248,post_meal,600,1
2024-11-25 21:03:00,43.01509781889918,post_meal,600,1
2024-11-25 21:13:00,41.352181590197674,post_meal,600,1
2024-11-25 21:23:00,40.89385223976918,post_meal,600,1
2024-11-25 21:33:00,40.04632892736143,post_meal,600,1
2024-11-25 21:43:00,43.67585984445269,post_meal,600,1
2024-11-25 22:02:00,28.0,resting_awake,900,1
2024-11-25 22:17:00,37.1372274127068,resting_awake,900,1
2024-11-25 22:34:00,28.0,resting_awake,900,1
2024-11-25 22:49:00,33.21184990405776,resting_awake,900,1
2024-11-25 23:04:00,42.27276419361454,resting_awake,900,1
2024-11-25 23:20:00,36.4,sleep,300,1
2024-11-25 23:25:00,32.44541456509395,sleep,300,1
2024-11-25 23:30:00,33.222895040065566,sleep,300,1
2024-11-25 23:35:00,40.83043982297083,sleep,300,1
2024-11-25 23:40:00,42.297270207356235,sleep,300,1
2024-11-25 23:45:00,38.93083185770837,sleep,300,1
2024-11-25 23:50:00,41.860932845413224,sleep,300,1
2024-11-25 23:55:00,42.958350010205805,sleep,300,1
2024-11-26 00:00:00,38.56750462420564,sleep,300,1
2024-11-26 00:05:00,35.44285882768937,sleep,300,1
2024-11-26 00:10:00,30.5750222830076,sleep,300,1
2024-11-26 00:15:00,31.823521779761197,sleep,300,1
2024-11-26 00:23:00,36.4,sleep,300,1
2024-11-26 00:28:00,41.80716231043537,sleep,300,1
2024-11-26 00:33:00,40.1373640486919,sleep,300,1
2024-11-26 00:38:00,37.478673272723675,sleep,300,1
2024-11-26 00:43:00,41.81966045450637,sleep,300,1
2024-11-26 00:48:00,43.41048218748859,sleep,300,1
2024-11-26 00:53:00,44.924402237012615,sleep,300,1
2024-11-26 00:58:00,45.178584877892845,sleep,300,1
2024-11-26 01:03:00,44.72835018317709,sleep,300,1
2024-11-26 01:08:00,45.299744258341775,sleep,300,1
2024-11-26 01:13:00,41.204388101758674,sleep,300,1
2024-11-26 01:18:00,41.49866645514249,sleep,300,1
2024-11-26 01:26:00,36.4,sleep,300,1
2024-11-26 01:31:00,36.040572489721626,sleep,300,1
2024-11-26 01:36:00,37.22826398691251,sleep,300,1
2024-11-26 01:41:00,38.57955831158061,sleep,300,1
2024-11-26 01:46:00,40.86175371865848,sleep,300,1
2024-11-26 01:51:00,45.855542672037096,sleep,300,1
2024-11-26 01:56:00,40.35693362098344,sleep,300,1
2024-11-26 02:01:00,41.1189017353001,sleep,300,1
2024-11-26 02:06:00,41.145783175275334,sleep,300,1
2024-11-26 02:11:00,42.395703859539964,sleep,300,1
2024-11-26 02:16:00,35.86515353248617,sleep,300,1
2024-11-26 02:21:00,43.65311711739023,sleep,300,1
2024-11-26 02:26:00,45.646992801292946,sleep,300,1
2024-11-26 02:32:00,36.4,sleep,300,1
2024-11-26 02:37:00,29.80518928327179,sleep,300,1
2024-11-26 02:42:00,30.095781194399024,sleep,300,1
2024-11-26 02:47:00,33.568957069463785,sleep,300,1
2024-11-26 02:52:00,33.225742763732136,sleep,300,1
2024-11-26 02:57:00,31.255653114250883,sleep,300,1
2024-11-26 03:02:00,37.687717106447835,sleep,300,1
2024-11-26 03:07:00,36.90310442279372,sleep,300,1
2024-11-26 03:12:00,33.07467116265219,sleep,300,1
2024-11-26 03:17:00,32.83775238705638,sleep,300,1
2024-11-26 03:22:00,29.33412120997386,sleep,300,1
2024-11-26 03:27:00,26.4042268444624,sleep,300,1
2024-11-26 03:32:00,27.895435161712843,sleep,300,1
2024-11-26 03:37:00,32.78512856789709,sleep,300,1
2024-11-26 03:42:00,28.149766245210696,sleep,300,1
2024-11-26 03:47:00,29.65449353023364,sleep,300,1
2024-11-26 03:52:00,33.410235301050825,sleep,300,1
2024-11-26 03:58:00,36.4,sleep,300,1
2024-11-26 04:03:00,32.356564024823015,sleep,300,1
2024-11-26 04:08:00,29.109147660770077,sleep,300,1
2024-11-26 04:13:00,29.495383073506115,sleep,300,1
2024-11-26 04:18:00,30.152995311967146,sleep,300,1
2024-11-26 04:23:00,29.692519461707487,sleep,300,1
2024-11-26 04:28:00,29.179199627758585,sleep,300,1
2024-11-26 04:33:00,28.296248182648338,sleep,300,1
2024-11-26 04:38:00,30.107707761300947,sleep,300,1
2024-11-26 04:43:00,31.270798639520365,sleep,300,1
2024-11-26 04:48:00,28.099854568496145,sleep,300,1
2024-11-26 04:53:00,30.21912487331649,sleep,300,1
2024-11-26 04:58:00,32.28847702078671,sleep,300,1
2024-11-26 05:03:00,29.980455929636324,sleep,300,1
2024-11-26 05:08:00,19.52420151748872,sleep,300,1
2024-11-26 05:17:00,36.4,sleep,300,1
2024-11-26 05:22:00,35.50213492060912,sleep,300,1
2024-11-26 05:27:00,36.234430234751336,sleep,300,1
2024-11-26 05:32:00,38.77573539507523,sleep,300,1
2024-11-26 05:37:00,40.154000915028135,sleep,300,1
2024-11-26 05:42:00,37.570771571360574,sleep,300,1
2024-11-26 05:47:00,36.130416448283526,sleep,300,1
2024-11-26 05:52:00,34.73793234665095,sleep,300,1
2024-11-26 05:57:00,31.95038975371721,sleep,300,1
2024-11-26 06:02:00,31.1815914667547,sleep,300,1
2024-11-26 06:07:00,31.313080520667263,sleep,300,1
2024-11-26 06:12:00,32.45682915382952,sleep,300,1
2024-11-26 06:17:00,31.663131566447145,sleep,300,1
2024-11-26 06:22:00,33.06374173478261,sleep,300,1
2024-11-26 06:27:00,34.69281658176383,sleep,300,1
2024-11-26 06:32:00,36.02407067874289,sleep,300,1
2024-11-26 06:37:00,34.578760858812075,sleep,300,1
2024-11-26 06:42:00,28.0,sleep_transition,60,1
2024-11-26 06:43:00,26.34096279448684,sleep_transition,60,1
2024-11-26 06:44:00,30.069870598194704,sleep_transition,60,1
2024-11-26 06:45:00,29.5473086139695,sleep_transition,60,1
2024-11-26 06:46:00,29.971225419762355,sleep_transition,60,1
2024-11-26 06:47:00,30.715389625358217,sleep_transition,60,1
2024-11-26 06:48:00,27.24295832083169,sleep_transition,60,1
2024-11-26 06:49:00,28.73968517097314,sleep_transition,60,1
2024-11-26 06:50:00,27.884643055154495,sleep_transition,60,1
2024-11-26 06:51:00,28.636726394724317,sleep_transition,60,1
2024-11-26 06:52:00,31.236331855970803,sleep_transition,60,1
2024-11-26 06:53:00,31.939517875870802,sleep_transition,60,1
2024-11-26 06:54:00,32.13420019082905,sleep_transition,60,1
2024-11-26 06:55:00,34.48114619095576,sleep_transition,60,1
2024-11-26 06:56:00,37.60317423770879,sleep_transition,60,1
2024-11-26 06:57:00,35.63189996396057,sleep_transition,60,1
2024-11-26 06:58:00,31.659534180638634,sleep_transition,60,1
2024-11-26 06:59:00,29.251332951364805,sleep_transition,60,1
2024-11-26 07:00:00,23.80727230593743,sleep_transition,60,1
2024-11-26 07:01:00,26.201579500136827,sleep_transition,60,1
2024-11-26 07:02:00,27.028791450305306,sleep_transition,60,1
2024-11-26 07:03:00,29.68642018712505,sleep_transition,60,1
2024-11-26 07:04:00,28.94453041537689,sleep_transition,60,1
2024-11-26 07:05:00,24.528065689713745,sleep_transition,60,1
2024-11-26 07:06:00,27.253609013270157,sleep_transition,60,1
2024-11-26 07:07:00,28.0,resting_awake,900,1
2024-11-26 08:01:00,28.0,post_meal,600,1
2024-11-26 08:11:00,33.24650594219506,post_meal,600,1
2024-11-26 08:21:00,27.13677421459829,post_meal,600,1
2024-11-26 08:36:00,28.0,post_meal,600,1
2024-11-26 08:46:00,36.896288846448186,post_meal,600,1
2024-11-26 08:56:00,30.326810361513306,post_meal,600,1
2024-11-26 09:06:00,22.835898197533837,post_meal,600,1
2024-11-26 09:16:00,23.78735607901399,post_meal,600,1
2024-11-26 09:53:00,28.0,resting_awake,900,1
2024-11-26 10:08:00,35.388096594303654,resting_awake,900,1
2024-11-26 11:39:00,28.0,resting_awake,900,1
2024-11-26 11:54:00,5.0,resting_awake,900,1
2024-11-26 12:09:00,5.0,resting_awake,900,1
2024-11-26 12:24:00,5.0,resting_awake,900,1
2024-11-26 12:39:00,5.0,resting_awake,900,1
2024-11-26 13:01:00,1.0,post_meal,600,0
2024-11-26 13:11:00,20.69357878508156,post_meal,600,1
2024-11-26 13:21:00,16.83442969480332,post_meal,600,1
2024-11-26 13:31:00,5.233913713631395,post_meal,600,1
2024-11-26 13:41:00,16.977268725617506,post_meal,600,1
2024-11-26 13:59:00,28.0,post_meal,600,1
2024-11-26 14:09:00,28.278949025909263,post_meal,600,1
2024-11-26 14:19:00,29.540672115723595,post_meal,600,1
2024-11-26 14:29:00,28.225055100781415,post_meal,600,1
2024-11-26 14:39:00,40.44148614638799,post_meal,600,1
2024-11-26 14:49:00,43.64579324837982,post_meal,600,1
2024-11-26 14:59:00,57.79737786298932,post_meal,600,1
2024-11-26 15:09:00,67.06440155929738,post_meal,600,1
2024-11-26 15:19:00,28.0,resting_awake,900,1
2024-11-26 15:34:00,12.360696002141848,resting_awake,900,1
2024-11-26 15:49:00,19.96197789964373,resting_awake,900,1
2024-11-26 16:04:00,26.23054757716391,resting_awake,900,1
2024-11-26 16:31:00,28.0,resting_awake,900,1
2024-11-26 16:46:00,43.366883477981105,resting_awake,900,1
2024-11-26 17:01:00,45.494100833386895,resting_awake,900,1
2024-11-26 17:16:00,48.93118936791524,resting_awake,900,1
2024-11-26 18:15:00,28.0,resting_awake,900,1
2024-11-26 18:30:00,36.28811992146976,resting_awake,900,1
2024-11-26 18:52:00,16.8,post_exercise,60,1
2024-11-26 18:53:00,15.347077117304325,post_exercise,60,1
2024-11-26 18:54:00,13.11736706183007,post_exercise,60,1
2024-11-26 18:55:00,9.94861039857372,post_exercise,60,1
2024-11-26 18:56:00,12.640011735289022,post_exercise,60,1
2024-11-26 18:57:00,12.211968355777422,post_exercise,60,1
2024-11-26 18:58:00,10.112631954707224,post_exercise,60,1
2024-11-26 18:59:00,11.323091440570188,post_exercise,60,1
2024-11-26 19:00:00,15.00974022770805,post_exercise,60,1
2024-11-26 19:01:00,12.47464968227754,post_exercise,60,1
2024-11-26 19:02:00,11.622417694826122,post_exercise,60,1
2024-11-26 19:03:00,12.14071049210139,post_exercise,60,1
2024-11-26 19:04:00,9.3536140076038,post_exercise,60,1
2024-11-26 19:05:00,8.720623578092711,post_exercise,60,1
2024-11-26 19:06:00,9.67534224314065,post_exercise,60,1
2024-11-26 19:07:00,9.5686315812962,post_exercise,60,1
2024-11-26 19:08:00,11.982152427324653,post_exercise,60,1
2024-11-26 19:09:00,17.40715893219792,post_exercise,60,1
2024-11-26 19:10:00,14.387365860245486,post_exercise,60,1
2024-11-26 19:11:00,14.243615096162968,post_exercise,60,1
2024-11-26 19:12:00,16.36080790671582,post_exercise,60,1
2024-11-26 19:13:00,17.77375089120141,post_exercise,60,1
2024-11-26 19:14:00,28.0,post_meal,600,1
2024-11-26 19:24:00,28.877120521216014,post_meal,600,1
2024-11-26 19:34:00,25.425448111293186,post_meal,600,1
2024-11-26 19:44:00,24.519124661183255,post_meal,600,1
2024-11-26 19:54:00,18.304106921902196,post_meal,600,1
2024-11-26 20:04:00,11.414729840015191,post_meal,600,1
2024-11-26 20:14:00,14.271190338232081,post_meal,600,1
2024-11-26 20:24:00,22.40563405808314,post_meal,600,1
2024-11-26 20:34:00,21.494115904374954,post_meal,600,1
2024-11-26 20:44:00,14.806216688078266,post_meal,600,1
2024-11-26 21:00:00,28.0,resting_awake,900,1
2024-11-26 21:15:00,28.462963203266654,resting_awake,900,1
2024-11-26 21:30:00,20.928512929486814,resting_awake,900,1
2024-11-26 21:58:00,28.0,resting_awake,900,1
2024-11-26 22:13:00,18.28148619292037,resting_awake,900,1
2024-11-26 22:41:00,28.0,resting_awake,900,1
2024-11-26 22:56:00,28.487304989505155,resting_awake,900,1
2024-11-26 23:11:00,8.334646612482008,resting_awake,900,1
2024-11-26 23:28:00,36.4,sleep,300,1
2024-11-26 23:33:00,35.675710924647895,sleep,300,1
2024-11-26 23:38:00,34.76906239961487,sleep,300,1
2024-11-26 23:43:00,36.79587875389571,sleep,300,1
2024-11-26 23:48:00,35.832443291179665,sleep,300,1
2024-11-26 23:53:00,33.72534541485861,sleep,300,1
2024-11-26 23:58:00,32.83655536024066,sleep,300,1
2024-11-27 00:03:00,25.97572402895184,sleep,300,1
2024-11-27 00:08:00,25.80803241967397,sleep,300,1
2024-11-27 00:13:00,27.33256237850837,sleep,300,1
2024-11-27 00:18:00,26.294681341433456,sleep,300,1
2024-11-27 00:25:00,6.399999999999999,sleep,300,0
2024-11-27 00:30:00,35.38521106736149,sleep,300,1
2024-11-27 00:35:00,35.86032855714517,sleep,300,1
2024-11-27 00:40:00,34.7741130891515,sleep,300,1
2024-11-27 00:45:00,33.89349026356529,sleep,300,1
2024-11-27 00:50:00,32.00138714307365,sleep,300,1
2024-11-27 00:59:00,36.4,sleep,300,1
2024-11-27 01:04:00,35.68408409207588,sleep,300,1
2024-11-27 01:09:00,31.095037813139875,sleep,300,1
2024-11-27 01:14:00,28.510491069334563,sleep,300,1
2024-11-27 01:19:00,33.540069587648766,sleep,300,1
2024-11-27 01:24:00,32.30868120639293,sleep,300,1
2024-11-27 01:29:00,28.4825825902193,sleep,300,1
2024-11-27 01:36:00,36.4,sleep,300,1
2024-11-27 01:41:00,34.68415793114588,sleep,300,1
2024-11-27 01:46:00,39.721746374447115,sleep,300,1
2024-11-27 01:51:00,44.24651255417019,sleep,300,1
2024-11-27 01:56:00,44.84390170489995,sleep,300,1
2024-11-27 02:01:00,46.33921740807205,sleep,300,1
2024-11-27 02:06:00,47.70458469985109,sleep,300,1
2024-11-27 02:11:00,47.86824410627975,sleep,300,1
2024-11-27 02:16:00,50.441534217590515,sleep,300,1
2024-11-27 02:21:00,50.25038356310046,sleep,300,1
2024-11-27 02:26:00,50.77155775518755,sleep,300,1
2024-11-27 02:31:00,44.88981446028619,sleep,300,1
2024-11-27 02:36:00,47.40873724119128,sleep,300,1
2024-11-27 02:41:00,42.55971542162271,sleep,300,1
2024-11-27 02:46:00,41.695838860358194,sleep,300,1
2024-11-27 02:51:00,0.0,sleep,300,0
2024-11-27 02:56:00,43.86352681081179,sleep,300,1
2024-11-27 03:01:00,36.4,sleep,300,1
2024-11-27 03:06:00,37.89809011160924,sleep,300,1
2024-11-27 03:11:00,39.42942831812748,sleep,300,1
2024-11-27 03:16:00,40.201150997248625,sleep,300,1
2024-11-27 03:21:00,40.218302193855784,sleep,300,1
2024-11-27 03:26:00,47.53944566173105,sleep,300,1
2024-11-27 03:31:00,51.71394713394096,sleep,300,1
2024-11-27 03:36:00,51.35860940157492,sleep,300,1
2024-11-27 03:41:00,51.02314256161727,sleep,300,1
2024-11-27 03:46:00,54.3308294344901,sleep,300,1
2024-11-27 03:51:00,52.39365776260052,sleep,300,1
2024-11-27 03:56:00,56.17723840124162,sleep,300,1
2024-11-27 04:01:00,55.75585159755125,sleep,300,1
2024-11-27 04:08:00,36.4,sleep,300,1
2024-11-27 04:13:00,41.39680557433555,sleep,300,1
2024-11-27 04:18:00,38.921793352395085,sleep,300,1
2024-11-27 04:23:00,36.80974934718333,sleep,300,1
2024-11-27 04:28:00,33.36152481015199,sleep,300,1
2024-11-27 04:33:00,33.37623419345597,sleep,300,1
2024-11-27 04:38:00,36.611170655820736,sleep,300,1
2024-11-27 04:43:00,44.85672703309889,sleep,300,1
2024-11-27 04:48:00,39.05335398615942,sleep,300,1
2024-11-27 04:53:00,35.08016504799417,sleep,300,1
2024-11-27 04:58:00,40.34848377655379,sleep,300,1
2024-11-27 05:03:00,40.29764377976559,sleep,300,1
2024-11-27 05:08:00,39.10180837548977,sleep,300,1
2024-11-27 05:13:00,32.82417175532756,sleep,300,1
2024-11-27 05:20:00,36.4,sleep,300,1
2024-11-27 05:25:00,38.989311500745785,sleep,300,1
2024-11-27 05:30:00,41.82542975784645,sleep,300,1
2024-11-27 05:35:00,36.781483742859436,sleep,300,1
2024-11-27 05:40:00,34.06156728590199,sleep,300,1
2024-11-27 05:45:00,34.096060210413114,sleep,300,1
2024-11-27 05:50:00,35.193760450149455,sleep,300,1
2024-11-27 05:55:00,35.659940421635184,sleep,300,1
2024-11-27 06:00:00,35.12542643213658,sleep,300,1
2024-11-27 06:05:00,35.32633216632582,sleep,300,1
2024-11-27 06:10:00,34.0552726467425,sleep,300,1
2024-11-27 06:15:00,39.42218003715137,sleep,300,1
2024-11-27 06:20:00,41.795866020741514,sleep,300,1
2024-11-27 06:25:00,37.825156381157754,sleep,300,1
2024-11-27 06:30:00,38.14740774769079,sleep,300,1
2024-11-27 06:39:00,28.0,sleep_transition,60,1
2024-11-27 06:40:00,32.370898292625625,sleep_transition,60,1
2024-11-27 06:41:00,30.972073160061015,sleep_transition,60,1
2024-11-27 06:42:00,33.65053941154946,sleep_transition,60,1
2024-11-27 06:43:00,31.88653241259689,sleep_transition,60,1
2024-11-27 06:44:00,31.915570632707897,sleep_transition,60,1
2024-11-27 06:45:00,33.85453027392225,sleep_transition,60,1
2024-11-27 06:46:00,32.60613917346808,sleep_transition,60,1
2024-11-27 06:47:00,33.36093326494051,sleep_transition,60,1
2024-11-27 06:48:00,31.814101282528757,sleep_transition,60,1
2024-11-27 06:49:00,28.62793581325524,sleep_transition,60,1
2024-11-27 06:50:00,25.287371678584783,sleep_transition,60,1
2024-11-27 06:51:00,26.112095901862837,sleep_transition,60,1
2024-11-27 06:52:00,26.060216855622006,sleep_transition,60,1
2024-11-27 06:53:00,25.80136223331417,sleep_transition,60,1
2024-11-27 06:54:00,28.724420178666534,sleep_transition,60,1
2024-11-27 06:55:00,32.476916673418174,sleep_transition,60,1
2024-11-27 06:56:00,35.294787243309926,sleep_transition,60,1
2024-11-27 06:57:00,35.81073909398977,sleep_transition,60,1
2024-11-27 06:58:00,38.123206752939964,sleep_transition,60,1
2024-11-27 06:59:00,28.0,sleep_transition,60,1
2024-11-27 07:00:00,28.12814443931147,sleep_transition,60,1
2024-11-27 07:01:00,29.545268049745474,sleep_transition,60,1
2024-11-27 07:02:00,31.332136359757232,sleep_transition,60,1
2024-11-27 07:03:00,31.014951243574952,sleep_transition,60,1
2024-11-27 07:04:00,31.859664017334616,sleep_transition,60,1
2024-11-27 07:05:00,29.487727653787505,sleep_transition,60,1
2024-11-27 07:06:00,25.25854566915787,sleep_transition,60,1
2024-11-27 07:07:00,26.98750887663319,sleep_transition,60,1
2024-11-27 07:08:00,24.49454946477668,sleep_transition,60,1
2024-11-27 07:09:00,22.47267200072583,sleep_transition,60,1
2024-11-27 07:10:00,24.21283283263375,sleep_transition,60,1
2024-11-27 07:11:00,17.495823175932376,sleep_transition,60,1
2024-11-27 07:12:00,18.716528345299025,sleep_transition,60,1
2024-11-27 07:13:00,15.90364656695971,sleep_transition,60,1
2024-11-27 07:14:00,16.09187429184481,sleep_transition,60,1
2024-11-27 07:15:00,15.587253511874273,sleep_transition,60,1
2024-11-27 07:16:00,14.277681826554772,sleep_transition,60,1
2024-11-27 07:17:00,15.568486976976947,sleep_transition,60,1
2024-11-27 07:18:00,14.338348499883166,sleep_transition,60,1
2024-11-27 07:19:00,9.629382877032022,sleep_transition,60,1
2024-11-27 07:20:00,10.188033216760637,sleep_transition,60,1
2024-11-27 07:21:00,7.054966851248926,sleep_transition,60,1
2024-11-27 07:22:00,13.143592363687782,sleep_transition,60,1
2024-11-27 07:23:00,12.810179279886109,sleep_transition,60,1
2024-11-27 07:24:00,11.89243729654589,sleep_transition,60,1
2024-11-27 07:53:00,28.0,resting_awake,900,1
2024-11-27 08:08:00,41.936239837718986,resting_awake,900,1
2024-11-27 08:33:00,28.0,post_meal,600,1
2024-11-27 08:43:00,28.10844048861096,post_meal,600,1
2024-11-27 08:53:00,28.424777543734532,post_meal,600,1
2024-11-27 09:03:00,17.21545454079751,post_meal,600,1
2024-11-27 09:17:00,28.0,resting_awake,900,1
2024-11-27 09:32:00,35.26799078170522,resting_awake,900,1
2024-11-27 09:51:00,28.0,resting_awake,900,1
2024-11-27 10:06:00,25.4725639461222,resting_awake,900,1
2024-11-27 10:21:00,22.407557369034915,resting_awake,900,1
2024-11-27 10:36:00,22.494921609568294,resting_awake,900,1
2024-11-27 10:51:00,21.380232383137507,resting_awake,900,1
2024-11-27 11:09:00,28.0,resting_awake,900,1
2024-11-27 11:24:00,18.920790408822945,resting_awake,900,1
2024-11-27 11:39:00,34.38760031639488,resting_awake,900,1
2024-11-27 12:00:00,28.0,post_meal,600,1
2024-11-27 12:10:00,37.50675928900962,post_meal,600,1
2024-11-27 12:20:00,28.148460794542995,post_meal,600,1
2024-11-27 12:30:00,29.55182364822294,post_meal,600,1
2024-11-27 12:47:00,28.0,post_meal,600,1
2024-11-27 12:57:00,46.013843541433864,post_meal,600,1
2024-11-27 13:07:00,45.76852173326214,post_meal,600,1
2024-11-27 13:17:00,49.32098919400542,post_meal,600,1
2024-11-27 13:27:00,56.220767623206136,post_meal,600,1
2024-11-27 13:37:00,0.0,post_meal,600,0
2024-11-27 13:49:00,28.0,post_meal,600,1
2024-11-27 13:59:00,27.684164130828314,post_meal,600,1
2024-11-27 14:09:00,21.523606753576544,post_meal,600,1
2024-11-27 14:19:00,20.440365913264664,post_meal,600,1
2024-11-27 14:29:00,14.781969617468157,post_meal,600,1
2024-11-27 14:39:00,12.335092961947366,post_meal,600,1
2024-11-27 14:55:00,28.0,resting_awake,900,1
2024-11-27 15:10:00,14.929325107444502,resting_awake,900,1
2024-11-27 15:25:00,19.03830384681635,resting_awake,900,1
2024-11-27 15:40:00,18.737791920504115,resting_awake,900,1
2024-11-27 15:55:00,29.3460897791237,resting_awake,900,1
2024-11-27 16:50:00,28.0,resting_awake,900,1
2024-11-27 17:05:00,38.420105557636006,resting_awake,900,1
2024-11-27 17:20:00,38.44089704339035,resting_awake,900,1
2024-11-27 18:16:00,28.0,resting_awake,900,1
2024-11-27 18:44:00,28.0,resting_awake,900,1
2024-11-27 18:59:00,30.21464693429708,resting_awake,900,1
2024-11-27 19:19:00,28.0,post_meal,600,1
2024-11-27 19:29:00,17.949858553347838,post_meal,600,1
2024-11-27 19:39:00,26.79733294856503,post_meal,600,1
2024-11-27 19:49:00,36.44890880620858,post_meal,600,1
2024-11-27 19:59:00,28.45691062801018,post_meal,600,1
2024-11-27 20:09:00,24.870876765395288,post_meal,600,1
2024-11-27 20:19:00,35.25084173444906,post_meal,600,1
2024-11-27 20:29:00,33.068272708482155,post_meal,600,1
2024-11-27 20:39:00,25.345289620390986,post_meal,600,1
2024-11-27 20:49:00,33.01364494843712,post_meal,600,1
2024-11-27 21:03:00,28.0,resting_awake,900,1
2024-11-27 21:18:00,21.398818692277644,resting_awake,900,1
2024-11-27 21:33:00,18.339878565114667,resting_awake,900,1
2024-11-27 21:58:00,28.0,resting_awake,900,1
2024-11-27 22:13:00,18.14451162563565,resting_awake,900,1
2024-11-27 22:28:00,22.34178354510511,resting_awake,900,1
2024-11-27 22:44:00,28.0,resting_awake,900,1
2024-11-27 22:59:00,25.544211827775865,resting_awake,900,1
2024-11-27 23:14:00,41.95187479311828,resting_awake,900,1
2024-11-27 23:33:00,36.4,sleep,300,1
2024-11-27 23:38:00,35.626949089562245,sleep,300,1
2024-11-27 23:43:00,33.847744345268325,sleep,300,1
2024-11-27 23:48:00,34.882878192473434,sleep,300,1
2024-11-27 23:53:00,32.455018523332015,sleep,300,1
2024-11-27 23:58:00,31.030472982545174,sleep,300,1
2024-11-28 00:03:00,29.69239191107177,sleep,300,1
2024-11-28 00:08:00,27.50037298067963,sleep,300,1
2024-11-28 00:13:00,30.214312848514634,sleep,300,1
2024-11-28 00:18:00,30.306461801187304,sleep,300,1
2024-11-28 00:23:00,24.84661286091754,sleep,300,1
2024-11-28 00:28:00,26.704660397963362,sleep,300,1
2024-11-28 00:33:00,24.687705323723634,sleep,300,1
2024-11-28 00:40:00,36.4,sleep,300,1
2024-11-28 00:45:00,33.03134882917674,sleep,300,1
2024-11-28 00:50:00,35.158469736343974,sleep,300,1
2024-11-28 00:55:00,34.06647761551642,sleep,300,1
2024-11-28 01:00:00,260.0,sleep,300,0
2024-11-28 01:05:00,36.55732269267081,sleep,300,1
2024-11-28 01:10:00,37.38534620633292,sleep,300,1
2024-11-28 01:15:00,40.167402353750724,sleep,300,1
2024-11-28 01:20:00,43.10461032320243,sleep,300,1
2024-11-28 01:25:00,43.665585229728144,sleep,300,1
2024-11-28 01:30:00,41.18631765588444,sleep,300,1
2024-11-28 01:35:00,39.456252785577675,sleep,300,1
2024-11-28 01:40:00,36.98277987121358,sleep,300,1
2024-11-28 01:46:00,36.4,sleep,300,1
2024-11-28 01:51:00,35.87902185074601,sleep,300,1
2024-11-28 01:56:00,39.86259698409067,sleep,300,1
2024-11-28 02:01:00,38.920446195279766,sleep,300,1
2024-11-28 02:06:00,41.26824350325555,sleep,300,1
2024-11-28 02:11:00,39.81639090389421,sleep,300,1
2024-11-28 02:16:00,40.99681436821254,sleep,300,1
2024-11-28 02:21:00,44.25631092541687,sleep,300,1
2024-11-28 02:26:00,45.467571154109315,sleep,300,1
2024-11-28 02:31:00,48.28747751123836,sleep,300,1
2024-11-28 02:36:00,44.02808483129036,sleep,300,1
2024-11-28 02:41:00,45.23348441773848,sleep,300,1
2024-11-28 02:46:00,41.01444036257258,sleep,300,1
2024-11-28 02:51:00,42.534403273754435,sleep,300,1
2024-11-28 02:57:00,36.4,sleep,300,1
2024-11-28 03:02:00,39.71773418872222,sleep,300,1
2024-11-28 03:07:00,41.95880436082996,sleep,300,1
2024-11-28 03:12:00,42.02820825705546,sleep,300,1
2024-11-28 03:17:00,38.58066392762226,sleep,300,1
2024-11-28 03:22:00,40.93200666669952,sleep,300,1
2024-11-28 03:27:00,38.8156662800011,sleep,300,1
2024-11-28 03:33:00,36.4,sleep,300,1
2024-11-28 03:38:00,37.64477916704143,sleep,300,1
2024-11-28 03:43:00,34.23050774597204,sleep,300,1
2024-11-28 03:48:00,29.571299874963234,sleep,300,1
2024-11-28 03:53:00,22.962546125269938,sleep,300,1
2024-11-28 03:58:00,25.167496450754616,sleep,300,1
2024-11-28 04:03:00,27.703623929823383,sleep,300,1
2024-11-28 04:08:00,30.274688227645278,sleep,300,1
2024-11-28 04:13:00,31.94983769285372,sleep,300,1
2024-11-28 04:18:00,32.01283582367933,sleep,300,1
2024-11-28 04:23:00,27.67972152741756,sleep,300,1
2024-11-28 04:30:00,36.4,sleep,300,1
2024-11-28 04:35:00,41.10376058844055,sleep,300,1
2024-11-28 04:40:00,41.95419821003974,sleep,300,1
2024-11-28 04:45:00,42.49817552239687,sleep,300,1
2024-11-28 04:50:00,39.884633141941876,sleep,300,1
2024-11-28 04:55:00,36.87487625427699,sleep,300,1
2024-11-28 05:00:00,34.082439512323695,sleep,300,1
2024-11-28 05:05:00,33.77091266717674,sleep,300,1
2024-11-28 05:10:00,37.135577576579024,sleep,300,1
2024-11-28 05:15:00,34.0208670475814,sleep,300,1
2024-11-28 05:20:00,33.032590681993476,sleep,300,1
2024-11-28 05:25:00,34.42734577901943,sleep,300,1
2024-11-28 05:30:00,36.4,sleep,300,1
2024-11-28 05:35:00,42.74413924531404,sleep,300,1
2024-11-28 05:40:00,37.6899980892166,sleep,300,1
2024-11-28 05:45:00,36.91162809096552,sleep,300,1
2024-11-28 05:50:00,36.17754134023425,sleep,300,1
2024-11-28 05:55:00,34.8223589453791,sleep,300,1
2024-11-28 06:00:00,25.73083102128604,sleep,300,1
2024-11-28 06:05:00,25.74239663673641,sleep,300,1
2024-11-28 06:10:00,23.147715780198318,sleep,300,1
2024-11-28 06:15:00,20.128820828066026,sleep,300,1
2024-11-28 06:20:00,22.316201997720547,sleep,300,1
2024-11-28 06:25:00,18.86649444720307,sleep,300,1
2024-11-28 06:30:00,23.87707747119938,sleep,300,1
2024-11-28 06:35:00,28.0,sleep_transition,60,1
2024-11-28 06:36:00,27.626550314364312,sleep_transition,60,1
2024-11-28 06:37:00,25.79504150260497,sleep_transition,60,1
2024-11-28 06:38:00,27.122252593008046,sleep_transition,60,1
2024-11-28 06:39:00,21.85523636831382,sleep_transition,60,1
2024-11-28 06:40:00,21.718374384297228,sleep_transition,60,1
2024-11-28 06:41:00,19.707219187292406,sleep_transition,60,1
2024-11-28 06:42:00,15.651563761184248,sleep_transition,60,1
2024-11-28 06:43:00,11.299674671957895,sleep_transition,60,1
2024-11-28 06:44:00,12.24473166942142,sleep_transition,60,1
2024-11-28 06:45:00,16.213586302531667,sleep_transition,60,1
2024-11-28 06:46:00,13.146132209029542,sleep_transition,60,1
2024-11-28 06:47:00,28.0,sleep_transition,60,1
2024-11-28 06:48:00,28.20411048063416,sleep_transition,60,1
2024-11-28 06:49:00,30.36353997827357,sleep_transition,60,1
2024-11-28 06:50:00,29.509278997158066,sleep_transition,60,1
2024-11-28 06:51:00,32.010317812507665,sleep_transition,60,1
2024-11-28 06:52:00,35.8410031208631,sleep_transition,60,1
2024-11-28 06:53:00,38.19166231515346,sleep_transition,60,1
2024-11-28 06:54:00,39.1488711997284,sleep_transition,60,1
2024-11-28 06:55:00,41.365128431707205,sleep_transition,60,1
2024-11-28 06:56:00,40.14283635735849,sleep_transition,60,1
2024-11-28 06:57:00,42.08970958149815,sleep_transition,60,1
2024-11-28 06:58:00,28.0,sleep_transition,60,1
2024-11-28 06:59:00,26.168848970323705,sleep_transition,60,1
2024-11-28 07:00:00,26.005990191179787,sleep_transition,60,1
2024-11-28 07:01:00,25.85536944775734,sleep_transition,60,1
2024-11-28 07:02:00,30.177169021324985,sleep_transition,60,1
2024-11-28 07:03:00,28.748506282002175,sleep_transition,60,1
2024-11-28 07:04:00,30.261466846453576,sleep_transition,60,1
2024-11-28 07:05:00,32.00060062962187,sleep_transition,60,1
2024-11-28 07:06:00,31.573733319265013,sleep_transition,60,1
2024-11-28 07:07:00,33.58525810184757,sleep_transition,60,1
2024-11-28 07:08:00,33.68795894635257,sleep_transition,60,1
2024-11-28 07:09:00,35.27362061819478,sleep_transition,60,1
2024-11-28 07:10:00,34.872887006630414,sleep_transition,60,1
2024-11-28 07:11:00,31.581303507790096,sleep_transition,60,1
2024-11-28 07:12:00,28.0,resting_awake,900,1
2024-11-28 07:27:00,27.726420512294776,resting_awake,900,1
2024-11-28 07:47:00,28.0,resting_awake,900,1
2024-11-28 08:02:00,25.531407829437434,resting_awake,900,1
2024-11-28 08:18:00,28.0,post_meal,600,1
2024-11-28 08:28:00,33.3861708804083,post_meal,600,1
2024-11-28 08:38:00,39.46953675859537,post_meal,600,1
2024-11-28 08:48:00,50.419705034351935,post_meal,600,1
2024-11-28 09:02:00,28.0,resting_awake,900,1
2024-11-28 09:17:00,28.757554987262186,resting_awake,900,1
2024-11-28 09:32:00,48.41741882189565,resting_awake,900,1
2024-11-28 09:47:00,50.86399253252127,resting_awake,900,1
2024-11-28 10:05:00,28.0,resting_awake,900,1
2024-11-28 10:20:00,27.156452863656934,resting_awake,900,1
2024-11-28 10:35:00,18.999221419832296,resting_awake,900,1
2024-11-28 10:50:00,26.066532926327028,resting_awake,900,1
2024-11-28 11:10:00,28.0,resting_awake,900,1
2024-11-28 11:25:00,20.579410171826446,resting_awake,900,1
2024-11-28 11:40:00,5.0,resting_awake,900,1
2024-11-28 11:55:00,5.0,resting_awake,900,1
2024-11-28 12:10:00,9.456410749750646,resting_awake,900,1
2024-11-28 12:25:00,28.0,post_meal,600,1
2024-11-28 12:35:00,30.2088824656184,post_meal,600,1
2024-11-28 12:45:00,30.81687253954427,post_meal,600,1
2024-11-28 12:55:00,20.7728645210155,post_meal,600,1
2024-11-28 13:05:00,21.228304575510066,post_meal,600,1
2024-11-28 13:16:00,28.0,post_meal,600,1
2024-11-28 13:26:00,37.75204279940166,post_meal,600,1
2024-11-28 13:36:00,34.36367583812621,post_meal,600,1
2024-11-28 13:46:00,50.45350238911973,post_meal,600,1
2024-11-28 13:56:00,43.66322354436677,post_meal,600,1
2024-11-28 14:06:00,42.028954755911016,post_meal,600,1
2024-11-28 14:16:00,39.288866856700835,post_meal,600,1
2024-11-28 14:45:00,28.0,resting_awake,900,1
2024-11-28 15:00:00,39.294719274774835,resting_awake,900,1
2024-11-28 15:15:00,44.301302941905895,resting_awake,900,1
2024-11-28 15:30:00,38.47634227200111,resting_awake,900,1
2024-11-28 15:47:00,28.0,resting_awake,900,1
2024-11-28 16:02:00,22.686453678575116,resting_awake,900,1
2024-11-28 16:17:00,14.198509215572106,resting_awake,900,1
2024-11-28 16:32:00,5.0,resting_awake,900,1
2024-11-28 16:47:00,5.0,resting_awake,900,1
2024-11-28 18:22:00,28.0,resting_awake,900,1
2024-11-28 18:46:00,28.0,resting_awake,900,1
2024-11-28 19:01:00,22.080061292807216,resting_awake,900,1
2024-11-28 19:19:00,28.0,post_meal,600,1
2024-11-28 19:29:00,29.238189073147268,post_meal,600,1
2024-11-28 19:39:00,32.06685914875897,post_meal,600,1
2024-11-28 19:49:00,47.87009279264084,post_meal,600,1
2024-11-28 19:59:00,34.641040948787854,post_meal,600,1
2024-11-28 20:09:00,43.461365006043856,post_meal,600,1
2024-11-28 20:19:00,49.259688622108186,post_meal,600,1
2024-11-28 20:29:00,37.96892632209565,post_meal,600,1
2024-11-28 20:39:00,32.65875323635137,post_meal,600,1
2024-11-28 20:49:00,25.850732241079672,post_meal,600,1
2024-11-28 20:59:00,15.477716980335758,post_meal,600,1
2024-11-28 21:16:00,28.0,resting_awake,900,1
2024-11-28 21:31:00,35.37983289338371,resting_awake,900,1
2024-11-28 22:00:00,28.0,resting_awake,900,1
2024-11-28 22:15:00,15.543659668595485,resting_awake,900,1
2024-11-28 22:34:00,28.0,resting_awake,900,1
2024-11-28 22:49:00,29.667252874222967,resting_awake,900,1
2024-11-28 23:04:00,37.90392184865587,resting_awake,900,1
2024-11-28 23:24:00,36.4,sleep,300,1
2024-11-28 23:29:00,40.189789413654914,sleep,300,1
2024-11-28 23:34:00,43.37855324248506,sleep,300,1
2024-11-28 23:39:00,51.1446346048518,sleep,300,1
2024-11-28 23:44:00,47.448018514928364,sleep,300,1
2024-11-28 23:49:00,53.7812281487277,sleep,300,1
2024-11-28 23:54:00,52.78034046818214,sleep,300,1
2024-11-28 23:59:00,55.360231508647374,sleep,300,1
2024-11-29 00:04:00,55.441156150816944,sleep,300,1
2024-11-29 00:09:00,58.01284225866596,sleep,300,1
2024-11-29 00:14:00,57.36242195202673,sleep,300,1
2024-11-29 00:19:00,61.96336404855607,sleep,300,1
2024-11-29 00:24:00,64.04623542719412,sleep,300,1
2024-11-29 00:29:00,60.07214016094061,sleep,300,1
2024-11-29 00:34:00,61.068101805170265,sleep,300,1
2024-11-29 00:40:00,36.4,sleep,300,1
2024-11-29 00:45:00,34.15353761736346,sleep,300,1
2024-11-29 00:50:00,31.43218684547547,sleep,300,1
2024-11-29 00:55:00,35.46552323585462,sleep,300,1
2024-11-29 01:00:00,36.327388099260375,sleep,300,1
2024-11-29 01:05:00,34.74722728254498,sleep,300,1
2024-11-29 01:12:00,36.4,sleep,300,1
2024-11-29 01:17:00,28.285860896425113,sleep,300,1
2024-11-29 01:22:00,28.983359125587416,sleep,300,1
2024-11-29 01:27:00,32.12140636079596,sleep,300,1
2024-11-29 01:32:00,30.022624151859386,sleep,300,1
2024-11-29 01:37:00,35.19535475678199,sleep,300,1
2024-11-29 01:42:00,30.3199479341368,sleep,300,1
2024-11-29 01:47:00,27.600447624439553,sleep,300,1
2024-11-29 01:53:00,36.4,sleep,300,1
2024-11-29 01:58:00,34.015907337970766,sleep,300,1
2024-11-29 02:03:00,35.73191253722467,sleep,300,1
2024-11-29 02:08:00,33.815055078821615,sleep,300,1
2024-11-29 02:13:00,37.393717466749614,sleep,300,1
2024-11-29 02:18:00,38.57567927400323,sleep,300,1
2024-11-29 02:23:00,36.86852359279731,sleep,300,1
2024-11-29 02:28:00,32.88293644330928,sleep,300,1
2024-11-29 02:33:00,32.411535031329265,sleep,300,1
2024-11-29 02:38:00,37.11370116022843,sleep,300,1
2024-11-29 02:43:00,42.03056399424314,sleep,300,1
2024-11-29 02:48:00,37.5208021765799,sleep,300,1
2024-11-29 02:53:00,39.995716284724274,sleep,300,1
2024-11-29 02:58:00,36.63403912845513,sleep,300,1
2024-11-29 03:03:00,34.32784139322565,sleep,300,1
2024-11-29 03:08:00,38.32602513746954,sleep,300,1
2024-11-29 03:13:00,36.30840689437615,sleep,300,1
2024-11-29 03:21:00,36.4,sleep,300,1
2024-11-29 03:26:00,35.09909863297869,sleep,300,1
2024-11-29 03:31:00,32.47781569141992,sleep,300,1
2024-11-29 03:36:00,34.37980519636987,sleep,300,1
2024-11-29 03:41:00,36.982695959248396,sleep,300,1
2024-11-29 03:46:00,37.94952020388286,sleep,300,1
2024-11-29 03:51:00,34.30613703939269,sleep,300,1
2024-11-29 03:56:00,31.288284793631604,sleep,300,1
2024-11-29 04:01:00,35.583957550504685,sleep,300,1
2024-11-29 04:06:00,39.623959416452465,sleep,300,1
2024-11-29 04:11:00,41.491788573137946,sleep,300,1
2024-11-29 04:16:00,38.539338871281565,sleep,300,1
2024-11-29 04:23:00,36.4,sleep,300,1
2024-11-29 04:28:00,38.525168725374684,sleep,300,1
2024-11-29 04:33:00,35.76761571962278,sleep,300,1
2024-11-29 04:38:00,32.9792517113818,sleep,300,1
2024-11-29 04:43:00,36.94376973699579,sleep,300,1
2024-11-29 04:48:00,32.744977790624645,sleep,300,1
2024-11-29 04:53:00,30.40288088166161,sleep,300,1
2024-11-29 04:58:00,34.91425570543019,sleep,300,1
2024-11-29 05:03:00,36.12193096659085,sleep,300,1
2024-11-29 05:11:00,36.4,sleep,300,1
2024-11-29 05:16:00,38.476074234934984,sleep,300,1
2024-11-29 05:21:00,33.71809159176955,sleep,300,1
2024-11-29 05:26:00,30.282001662335077,sleep,300,1
2024-11-29 05:31:00,33.42299948452633,sleep,300,1
2024-11-29 05:36:00,35.28900376925388,sleep,300,1
2024-11-29 05:41:00,39.338527941942644,sleep,300,1
2024-11-29 05:46:00,40.96599380443146,sleep,300,1
2024-11-29 05:51:00,45.70322390499765,sleep,300,1
2024-11-29 05:56:00,47.857712935960414,sleep,300,1
2024-11-29 06:01:00,50.26809965841152,sleep,300,1
2024-11-29 06:06:00,51.916774687241045,sleep,300,1
2024-11-29 06:11:00,54.81764363370186,sleep,300,1
2024-11-29 06:20:00,28.0,sleep_transition,60,1
2024-11-29 06:21:00,26.466618587880795,sleep_transition,60,1
2024-11-29 06:22:00,24.893562495919852,sleep_transition,60,1
2024-11-29 06:23:00,25.509409935808122,sleep_transition,60,1
2024-11-29 06:24:00,24.65984922680365,sleep_transition,60,1
2024-11-29 06:25:00,22.44660985230324,sleep_transition,60,1
2024-11-29 06:26:00,20.863776273314095,sleep_transition,60,1
2024-11-29 06:27:00,26.08094459886224,sleep_transition,60,1
2024-11-29 06:28:00,24.500529411142324,sleep_transition,60,1
2024-11-29 06:29:00,22.983647760702564,sleep_transition,60,1
2024-11-29 06:30:00,20.902599634838246,sleep_transition,60,1
2024-11-29 06:31:00,21.41699230981194,sleep_transition,60,1
2024-11-29 06:32:00,20.83246837995539,sleep_transition,60,1
2024-11-29 06:33:00,16.88335845792049,sleep_transition,60,1
2024-11-29 06:34:00,20.43891437337386,sleep_transition,60,1
2024-11-29 06:35:00,15.136640620794742,sleep_transition,60,1
2024-11-29 06:36:00,28.0,sleep_transition,60,1
2024-11-29 06:37:00,28.42051804976605,sleep_transition,60,1
2024-11-29 06:38:00,28.655358670737353,sleep_transition,60,1
2024-11-29 06:39:00,25.17951830994716,sleep_transition,60,1
2024-11-29 06:40:00,22.9627135739155,sleep_transition,60,1
2024-11-29 06:41:00,1.0,sleep_transition,60,0
2024-11-29 06:42:00,114.72181841967145,sleep_transition,60,0
2024-11-29 06:43:00,25.966765422106572,sleep_transition,60,1
2024-11-29 06:44:00,22.01453144819981,sleep_transition,60,1
2024-11-29 06:45:00,19.389819587380003,sleep_transition,60,1
2024-11-29 06:46:00,17.34300797461063,sleep_transition,60,1
2024-11-29 06:47:00,75.59762982831394,sleep_transition,60,0
2024-11-29 06:48:00,14.575649993504829,sleep_transition,60,1
2024-11-29 06:49:00,18.416960748704543,sleep_transition,60,1
2024-11-29 06:50:00,19.436126929099068,sleep_transition,60,1
2024-11-29 06:51:00,22.25248136172086,sleep_transition,60,1
2024-11-29 06:52:00,22.45248997244667,sleep_transition,60,1
2024-11-29 06:53:00,22.0605475514317,sleep_transition,60,1
2024-11-29 06:54:00,20.79545059621825,sleep_transition,60,1
2024-11-29 06:55:00,19.697166197051963,sleep_transition,60,1
2024-11-29 06:56:00,20.35110281350265,sleep_transition,60,1
2024-11-29 06:57:00,28.0,sleep_transition,60,1
2024-11-29 06:58:00,33.888176508198995,sleep_transition,60,1
2024-11-29 06:59:00,33.73058290174244,sleep_transition,60,1
2024-11-29 07:00:00,35.18443749738566,sleep_transition,60,1
2024-11-29 07:01:00,34.743315445499604,sleep_transition,60,1
2024-11-29 07:02:00,34.448751027964335,sleep_transition,60,1
2024-11-29 07:03:00,33.98194895863129,sleep_transition,60,1
2024-11-29 07:04:00,34.98514347659392,sleep_transition,60,1
2024-11-29 07:05:00,36.761617494959815,sleep_transition,60,1
2024-11-29 07:06:00,37.985739567182925,sleep_transition,60,1
2024-11-29 07:07:00,40.3015002783576,sleep_transition,60,1
2024-11-29 07:08:00,41.042874678300215,sleep_transition,60,1
2024-11-29 07:09:00,40.875767579088745,sleep_transition,60,1
2024-11-29 07:10:00,40.8892829126254,sleep_transition,60,1
2024-11-29 07:11:00,40.40082237252717,sleep_transition,60,1
2024-11-29 07:12:00,42.30759889002649,sleep_transition,60,1
2024-11-29 07:13:00,37.94676105737031,sleep_transition,60,1
2024-11-29 07:14:00,38.89465862967658,sleep_transition,60,1
2024-11-29 07:15:00,162.0,sleep_transition,60,0
2024-11-29 07:16:00,38.40048928215925,sleep_transition,60,1
2024-11-29 07:17:00,39.11901411691725,sleep_transition,60,1
2024-11-29 07:18:00,39.77281489243383,sleep_transition,60,1
2024-11-29 07:19:00,41.457208872579876,sleep_transition,60,1
2024-11-29 07:20:00,28.0,resting_awake,900,1
2024-11-29 07:39:00,28.0,resting_awake,900,1
2024-11-29 07:56:00,28.0,resting_awake,900,1
2024-11-29 08:24:00,28.0,post_meal,600,1
2024-11-29 08:34:00,21.641311570520585,post_meal,600,1
2024-11-29 08:44:00,15.805517299251914,post_meal,600,1
2024-11-29 08:54:00,11.78705412359059,post_meal,600,1
2024-11-29 09:50:00,28.0,resting_awake,900,1
2024-11-29 10:05:00,25.979159283416354,resting_awake,900,1
2024-11-29 10:30:00,28.0,resting_awake,900,1
2024-11-29 10:45:00,7.194541117801823,resting_awake,900,1
2024-11-29 11:00:00,6.701765283329538,resting_awake,900,1
2024-11-29 11:18:00,28.0,resting_awake,900,1
2024-11-29 11:33:00,19.160891112550654,resting_awake,900,1
2024-11-29 11:48:00,14.737000377997655,resting_awake,900,1
2024-11-29 12:03:00,24.207500783503257,resting_awake,900,1
2024-11-29 12:29:00,28.0,post_meal,600,1
2024-11-29 12:39:00,27.070186671749962,post_meal,600,1
2024-11-29 12:49:00,22.05412938196812,post_meal,600,1
2024-11-29 12:59:00,18.444508487052047,post_meal,600,1
2024-11-29 13:14:00,28.0,post_meal,600,1
2024-11-29 13:24:00,18.951298820068693,post_meal,600,1
2024-11-29 13:34:00,26.029473569650445,post_meal,600,1
2024-11-29 13:44:00,17.925337897492003,post_meal,600,1
2024-11-29 13:54:00,14.938195547453587,post_meal,600,1
2024-11-29 14:09:00,28.0,resting_awake,900,1
2024-11-29 14:24:00,43.0739581844806,resting_awake,900,1
2024-11-29 14:49:00,28.0,resting_awake,900,1
2024-11-29 15:04:00,14.316128290770582,resting_awake,900,1
2024-11-29 15:19:00,6.562902714660295,resting_awake,900,1
2024-11-29 15:34:00,5.0,resting_awake,900,1
2024-11-29 15:49:00,5.0,resting_awake,900,1
2024-11-29 16:04:00,19.599999999999998,stress_event,60,1
2024-11-29 16:05:00,20.961744335000486,stress_event,60,1
2024-11-29 16:06:00,23.817745681198552,stress_event,60,1
2024-11-29 16:07:00,26.27517964983086,stress_event,60,1
2024-11-29 16:08:00,24.970294774830613,stress_event,60,1
2024-11-29 16:09:00,25.51203762081126,stress_event,60,1
2024-11-29 16:10:00,24.291700897825017,stress_event,60,1
2024-11-29 16:11:00,20.73356913471321,stress_event,60,1
2024-11-29 16:12:00,14.197126103078542,stress_event,60,1
2024-11-29 16:13:00,11.784960312917336,stress_event,60,1
2024-11-29 16:14:00,5.482250400622425,stress_event,60,1
2024-11-29 16:15:00,7.271932614150275,stress_event,60,1
2024-11-29 16:16:00,6.171154260597591,stress_event,60,1
2024-11-29 16:17:00,5.996429996265752,stress_event,60,1
2024-11-29 16:18:00,10.753676987623457,stress_event,60,1
2024-11-29 16:19:00,7.209460863725226,stress_event,60,1
2024-11-29 16:20:00,13.48706706021638,stress_event,60,1
2024-11-29 16:21:00,13.57833344102739,stress_event,60,1
2024-11-29 16:22:00,14.351583701517992,stress_event,60,1
2024-11-29 16:23:00,14.531970904782229,stress_event,60,1
2024-11-29 16:24:00,12.710645255281102,stress_event,60,1
2024-11-29 16:25:00,11.649592219127063,stress_event,60,1
2024-11-29 16:26:00,10.245731061706502,stress_event,60,1
2024-11-29 16:27:00,8.023089333095239,stress_event,60,1
2024-11-29 16:28:00,13.096343937319427,stress_event,60,1
2024-11-29 16:29:00,14.497352793713569,stress_event,60,1
2024-11-29 16:30:00,18.207819727447585,stress_event,60,1
2024-11-29 16:31:00,16.532794697667278,stress_event,60,1
2024-11-29 16:53:00,28.0,resting_awake,900,1
2024-11-29 17:08:00,33.68023734976835,resting_awake,900,1
2024-11-29 18:07:00,16.8,post_exercise,60,1
2024-11-29 18:08:00,13.7288091521286,post_exercise,60,1
2024-11-29 18:09:00,15.717870472462751,post_exercise,60,1
2024-11-29 18:10:00,15.29668744791444,post_exercise,60,1
2024-11-29 18:11:00,15.288398019704188,post_exercise,60,1
2024-11-29 18:12:00,15.794099538206211,post_exercise,60,1
2024-11-29 18:13:00,11.336878876981025,post_exercise,60,1
2024-11-29 18:14:00,14.562508352755852,post_exercise,60,1
2024-11-29 18:15:00,15.530131581844914,post_exercise,60,1
2024-11-29 18:16:00,15.044964936562932,post_exercise,60,1
2024-11-29 18:17:00,12.48407248738327,post_exercise,60,1
2024-11-29 18:18:00,14.514309681303502,post_exercise,60,1
2024-11-29 18:19:00,16.83732661851517,post_exercise,60,1
2024-11-29 18:20:00,14.163859189220096,post_exercise,60,1
2024-11-29 18:21:00,13.8188461892247,post_exercise,60,1
2024-11-29 18:22:00,6.816692854874275,post_exercise,60,1
2024-11-29 18:23:00,8.484067941219456,post_exercise,60,1
2024-11-29 18:24:00,28.0,resting_awake,900,1
2024-11-29 18:39:00,36.58337224464201,resting_awake,900,1
2024-11-29 19:02:00,28.0,post_meal,600,1
2024-11-29 19:12:00,23.481430232189084,post_meal,600,1
2024-11-29 19:22:00,18.74109169073477,post_meal,600,1
2024-11-29 19:32:00,20.477259413099958,post_meal,600,1
2024-11-29 19:42:00,17.26194173600778,post_meal,600,1
2024-11-29 19:52:00,19.512194678848097,post_meal,600,1
2024-11-29 20:02:00,33.41319536109199,post_meal,600,1
2024-11-29 20:12:00,39.05576798808715,post_meal,600,1
2024-11-29 20:22:00,40.93127888379175,post_meal,600,1
2024-11-29 20:32:00,38.65239223550311,post_meal,600,1
2024-11-29 20:50:00,28.0,post_meal,600,1
2024-11-29 21:00:00,16.81109244976529,post_meal,600,1
2024-11-29 21:10:00,19.133318494960598,post_meal,600,1
2024-11-29 21:20:00,11.949820200564819,post_meal,600,1
2024-11-29 21:30:00,5.0,post_meal,600,1
2024-11-29 21:40:00,5.0,post_meal,600,1
2024-11-29 21:50:00,5.0,post_meal,600,1
2024-11-29 22:00:00,5.0,post_meal,600,1
2024-11-29 22:10:00,7.324909031217821,post_meal,600,1
2024-11-29 22:20:00,16.359314424112895,post_meal,600,1
2024-11-29 22:35:00,28.0,resting_awake,900,1
2024-11-29 22:50:00,0.0,resting_awake,900,0
2024-11-29 23:05:00,22.745026775305533,resting_awake,900,1
2024-11-29 23:26:00,36.4,sleep,300,1
2024-11-29 23:31:00,37.12462935115371,sleep,300,1
2024-11-29 23:36:00,35.7573215907335,sleep,300,1
2024-11-29 23:41:00,38.31353353788694,sleep,300,1
2024-11-29 23:46:00,36.23778430066837,sleep,300,1
2024-11-29 23:51:00,31.680417452862585,sleep,300,1
2024-11-29 23:56:00,31.040719853048525,sleep,300,1
2024-11-30 00:01:00,23.121126063641423,sleep,300,1
2024-11-30 00:06:00,22.348173990960685,sleep,300,1
2024-11-30 00:11:00,18.700525396928704,sleep,300,1
2024-11-30 00:16:00,21.233055853214143,sleep,300,1
2024-11-30 00:21:00,22.037244707155715,sleep,300,1
2024-11-30 00:26:00,23.988910584142616,sleep,300,1
2024-11-30 00:34:00,36.4,sleep,300,1
2024-11-30 00:39:00,36.19105484727736,sleep,300,1
2024-11-30 00:44:00,38.66484668800859,sleep,300,1
2024-11-30 00:49:00,36.215030493725244,sleep,300,1
2024-11-30 00:54:00,34.57463164764572,sleep,300,1
2024-11-30 00:59:00,37.91823149395674,sleep,300,1
2024-11-30 01:04:00,42.13789175550402,sleep,300,1
2024-11-30 01:09:00,45.719666914277965,sleep,300,1
2024-11-30 01:14:00,46.68327503850552,sleep,300,1
2024-11-30 01:19:00,48.20617957575289,sleep,300,1
2024-11-30 01:24:00,50.53207444030292,sleep,300,1
2024-11-30 01:29:00,43.88432431231062,sleep,300,1
2024-11-30 01:34:00,42.15503942835615,sleep,300,1
2024-11-30 01:39:00,36.4,sleep,300,1
2024-11-30 01:44:00,35.17604274875855,sleep,300,1
2024-11-30 01:49:00,37.77986423458532,sleep,300,1
2024-11-30 01:54:00,44.48751215912866,sleep,300,1
2024-11-30 01:59:00,45.54991728993155,sleep,300,1
2024-11-30 02:04:00,47.90342167198246,sleep,300,1
2024-11-30 02:09:00,47.39052758013237,sleep,300,1
2024-11-30 02:14:00,45.71203681934999,sleep,300,1
2024-11-30 02:19:00,42.421839989301056,sleep,300,1
2024-11-30 02:24:00,42.883911043792985,sleep,300,1
2024-11-30 02:29:00,38.29564502829467,sleep,300,1
2024-11-30 02:34:00,36.06919217246073,sleep,300,1
2024-11-30 02:39:00,34.52209047669208,sleep,300,1
2024-11-30 02:44:00,36.391449081926055,sleep,300,1
2024-11-30 02:49:00,34.0343791412627,sleep,300,1
2024-11-30 02:54:00,34.04405318651844,sleep,300,1
2024-11-30 03:00:00,36.4,sleep,300,1
2024-11-30 03:05:00,32.244748626417355,sleep,300,1
2024-11-30 03:10:00,30.039975826571755,sleep,300,1
2024-11-30 03:15:00,28.900942564844133,sleep,300,1
2024-11-30 03:20:00,29.76135024927978,sleep,300,1
2024-11-30 03:25:00,23.60739548005287,sleep,300,1
2024-11-30 03:30:00,26.087302628322757,sleep,300,1
2024-11-30 03:35:00,22.24540957637385,sleep,300,1
2024-11-30 03:40:00,18.76111377119555,sleep,300,1
2024-11-30 03:45:00,15.48678012938668,sleep,300,1
2024-11-30 03:50:00,1.0,sleep,300,0
2024-11-30 03:55:00,98.13562751523939,sleep,300,0
2024-11-30 04:00:00,22.288849656754056,sleep,300,1
2024-11-30 04:05:00,27.57063194852034,sleep,300,1
2024-11-30 04:10:00,32.67716000817614,sleep,300,1
2024-11-30 04:15:00,33.12743086346527,sleep,300,1
2024-11-30 04:20:00,39.677826148301406,sleep,300,1
2024-11-30 04:27:00,36.4,sleep,300,1
2024-11-30 04:32:00,40.42551242403591,sleep,300,1
2024-11-30 04:37:00,48.77691622137913,sleep,300,1
2024-11-30 04:42:00,50.49223275231608,sleep,300,1
2024-11-30 04:47:00,53.86836820732517,sleep,300,1
2024-11-30 04:52:00,54.05196767349364,sleep,300,1
2024-11-30 04:57:00,53.641332736881886,sleep,300,1
2024-11-30 05:02:00,53.460687067251136,sleep,300,1
2024-11-30 05:07:00,54.18932851551341,sleep,300,1
2024-11-30 05:12:00,54.16028485710505,sleep,300,1
2024-11-30 05:17:00,56.527860345873044,sleep,300,1
2024-11-30 05:22:00,57.49487028079685,sleep,300,1
2024-11-30 05:29:00,36.4,sleep,300,1
2024-11-30 05:34:00,29.990049655613987,sleep,300,1
2024-11-30 05:39:00,27.584275404798554,sleep,300,1
2024-11-30 05:44:00,24.640768050957405,sleep,300,1
2024-11-30 05:49:00,29.164333062473712,sleep,300,1
2024-11-30 05:54:00,29.130387697304343,sleep,300,1
2024-11-30 05:59:00,24.203798767904146,sleep,300,1
2024-11-30 06:04:00,22.3775783744326,sleep,300,1
2024-11-30 06:10:00,28.0,sleep_transition,60,1
2024-11-30 06:11:00,26.753657493805456,sleep_transition,60,1
2024-11-30 06:12:00,26.48519768783371,sleep_transition,60,1
2024-11-30 06:13:00,24.981228230316546,sleep_transition,60,1
2024-11-30 06:14:00,24.390433149008242,sleep_transition,60,1
2024-11-30 06:15:00,23.23440181533779,sleep_transition,60,1
2024-11-30 06:16:00,25.997330134755824,sleep_transition,60,1
2024-11-30 06:17:00,26.88138775273748,sleep_transition,60,1
2024-11-30 06:18:00,32.269003946999476,sleep_transition,60,1
2024-11-30 06:19:00,31.69757736615592,sleep_transition,60,1
2024-11-30 06:20:00,32.325590424687334,sleep_transition,60,1
2024-11-30 06:21:00,34.297527887533626,sleep_transition,60,1
2024-11-30 06:22:00,32.6683298545327,sleep_transition,60,1
2024-11-30 06:23:00,32.769874544701615,sleep_transition,60,1
2024-11-30 06:24:00,34.03055640693592,sleep_transition,60,1
2024-11-30 06:25:00,38.615086491417856,sleep_transition,60,1
2024-11-30 06:26:00,38.81737680022475,sleep_transition,60,1
2024-11-30 06:27:00,41.759050382764435,sleep_transition,60,1
2024-11-30 06:28:00,28.0,sleep_transition,60,1
2024-11-30 06:29:00,25.33988187767241,sleep_transition,60,1
2024-11-30 06:30:00,23.795381454700976,sleep_transition,60,1
2024-11-30 06:31:00,23.940999686859392,sleep_transition,60,1
2024-11-30 06:32:00,23.654004014161842,sleep_transition,60,1
2024-11-30 06:33:00,31.458739372960242,sleep_transition,60,1
2024-11-30 06:34:00,32.44007072149452,sleep_transition,60,1
2024-11-30 06:35:00,31.627387807956175,sleep_transition,60,1
2024-11-30 06:36:00,32.44673052770731,sleep_transition,60,1
2024-11-30 06:37:00,37.207395272024165,sleep_transition,60,1
2024-11-30 06:38:00,35.862165011420174,sleep_transition,60,1
2024-11-30 06:39:00,36.91816004033232,sleep_transition,60,1
2024-11-30 06:40:00,38.584052240523974,sleep_transition,60,1
2024-11-30 06:41:00,38.32840358475891,sleep_transition,60,1
2024-11-30 06:42:00,38.362295098671346,sleep_transition,60,1
2024-11-30 06:43:00,33.630139355642676,sleep_transition,60,1
2024-11-30 06:44:00,35.75515400584507,sleep_transition,60,1
2024-11-30 06:45:00,35.65631565399829,sleep_transition,60,1
2024-11-30 06:46:00,28.0,sleep_transition,60,1
2024-11-30 06:47:00,28.214366834634934,sleep_transition,60,1
2024-11-30 06:48:00,27.848571691319208,sleep_transition,60,1
2024-11-30 06:49:00,27.700311263515385,sleep_transition,60,1
2024-11-30 06:50:00,29.277095918924225,sleep_transition,60,1
2024-11-30 06:51:00,0.0,sleep_transition,60,0
2024-11-30 06:52:00,27.346677940285073,sleep_transition,60,1
2024-11-30 06:53:00,27.646783784520686,sleep_transition,60,1
2024-11-30 06:54:00,30.62143143371759,sleep_transition,60,1
2024-11-30 06:55:00,29.308626604968364,sleep_transition,60,1
2024-11-30 06:56:00,33.181590753688376,sleep_transition,60,1
2024-11-30 06:57:00,32.90935217340066,sleep_transition,60,1
2024-11-30 06:58:00,25.235563635186594,sleep_transition,60,1
2024-11-30 06:59:00,25.81116761096097,sleep_transition,60,1
2024-11-30 07:00:00,266.0,sleep_transition,60,0
2024-11-30 07:01:00,24.658969984115195,sleep_transition,60,1
2024-11-30 07:02:00,25.58512822383721,sleep_transition,60,1
2024-11-30 07:03:00,28.0,resting_awake,900,1
2024-11-30 07:18:00,37.14036436916888,resting_awake,900,1
2024-11-30 07:39:00,28.0,resting_awake,900,1
2024-11-30 07:54:00,29.861797195611768,resting_awake,900,1
2024-11-30 08:18:00,28.0,post_meal,600,1
2024-11-30 08:28:00,21.614849382270112,post_meal,600,1
2024-11-30 08:38:00,27.287526270396032,post_meal,600,1
2024-11-30 08:48:00,23.8322241664644,post_meal,600,1
2024-11-30 09:00:00,28.0,resting_awake,900,1
2024-11-30 09:15:00,29.599715540572326,resting_awake,900,1
2024-11-30 09:30:00,49.94007344271694,resting_awake,900,1
2024-11-30 09:45:00,55.699227013955166,resting_awake,900,1
2024-11-30 11:11:00,19.599999999999998,stress_event,60,1
2024-11-30 11:12:00,23.23110534514243,stress_event,60,1
2024-11-30 11:13:00,19.183278154317993,stress_event,60,1
2024-11-30 11:14:00,18.66366691998747,stress_event,60,1
2024-11-30 11:15:00,20.00435424758019,stress_event,60,1
2024-11-30 11:16:00,21.421403219532294,stress_event,60,1
2024-11-30 11:17:00,20.81374488955606,stress_event,60,1
2024-11-30 11:18:00,19.071219934058814,stress_event,60,1
2024-11-30 11:19:00,18.44781981036792,stress_event,60,1
2024-11-30 11:20:00,14.383347306974649,stress_event,60,1
2024-11-30 11:21:00,12.886454005623584,stress_event,60,1
2024-11-30 11:22:00,18.917496315456503,stress_event,60,1
2024-11-30 11:23:00,19.656226330663642,stress_event,60,1
2024-11-30 11:24:00,23.344591789342278,stress_event,60,1
2024-11-30 11:25:00,18.16116264279485,stress_event,60,1
2024-11-30 11:26:00,15.278770567895933,stress_event,60,1
2024-11-30 11:27:00,19.52328661460917,stress_event,60,1
2024-11-30 11:28:00,19.756958136892727,stress_event,60,1
2024-11-30 11:29:00,22.027418185685352,stress_event,60,1
2024-11-30 11:30:00,15.103164701010638,stress_event,60,1
2024-11-30 11:31:00,12.597395624812675,stress_event,60,1
2024-11-30 11:32:00,14.823766626505625,stress_event,60,1
2024-11-30 11:33:00,8.782280530155282,stress_event,60,1
2024-11-30 11:34:00,13.514164408254377,stress_event,60,1
2024-11-30 11:35:00,17.08158004301641,stress_event,60,1
2024-11-30 11:36:00,12.029295318084657,stress_event,60,1
2024-11-30 11:37:00,8.64707935903013,stress_event,60,1
2024-11-30 11:38:00,5.0,stress_event,60,1
2024-11-30 11:39:00,28.0,resting_awake,900,1
2024-11-30 11:54:00,33.468309031265456,resting_awake,900,1
2024-11-30 12:09:00,30.096687679693233,resting_awake,900,1
2024-11-30 12:24:00,39.060609830572815,resting_awake,900,1
2024-11-30 12:51:00,28.0,post_meal,600,1
2024-11-30 13:01:00,30.03732908912664,post_meal,600,1
2024-11-30 13:11:00,28.588725281777496,post_meal,600,1
2024-11-30 13:21:00,30.325218369979023,post_meal,600,1
2024-11-30 13:31:00,33.58194642397667,post_meal,600,1
2024-11-30 13:44:00,28.0,post_meal,600,1
2024-11-30 13:54:00,24.813898755065903,post_meal,600,1
2024-11-30 14:04:00,29.800201057700974,post_meal,600,1
2024-11-30 14:14:00,27.975814220332825,post_meal,600,1
2024-11-30 14:24:00,26.906943595519806,post_meal,600,1
2024-11-30 14:34:00,38.611479286278154,post_meal,600,1
2024-11-30 15:26:00,28.0,resting_awake,900,1
2024-11-30 15:41:00,14.995921253804406,resting_awake,900,1
2024-11-30 16:31:00,0.0,stress_event,60,0
2024-11-30 16:32:00,23.7260430459214,stress_event,60,1
2024-11-30 16:33:00,13.7518958376891,stress_event,60,1
2024-11-30 16:34:00,11.152268506830524,stress_event,60,1
2024-11-30 16:35:00,6.542270704520239,stress_event,60,1
2024-11-30 16:36:00,5.787148615810796,stress_event,60,1
2024-11-30 16:37:00,9.235621204826664,stress_event,60,1
2024-11-30 16:38:00,14.535098907953667,stress_event,60,1
2024-11-30 16:39:00,13.442164040749345,stress_event,60,1
2024-11-30 16:40:00,7.984837643420415,stress_event,60,1
2024-11-30 16:41:00,5.0,stress_event,60,1
2024-11-30 16:42:00,5.0,stress_event,60,1
2024-11-30 16:43:00,5.0,stress_event,60,1
2024-11-30 16:44:00,5.0,stress_event,60,1
2024-11-30 16:45:00,5.0,stress_event,60,1
2024-11-30 16:46:00,28.0,resting_awake,900,1
2024-11-30 17:01:00,25.833349522254743,resting_awake,900,1
2024-11-30 17:16:00,36.39182908372584,resting_awake,900,1
2024-11-30 18:12:00,16.8,post_exercise,60,1
2024-11-30 18:13:00,17.17686685775213,post_exercise,60,1
2024-11-30 18:14:00,22.78284356812849,post_exercise,60,1
2024-11-30 18:15:00,23.76329138477486,post_exercise,60,1
2024-11-30 18:16:00,25.22094834398944,post_exercise,60,1
2024-11-30 18:17:00,26.75827345535253,post_exercise,60,1
2024-11-30 18:18:00,28.03612071823547,post_exercise,60,1
2024-11-30 18:19:00,28.325195251362594,post_exercise,60,1
2024-11-30 18:20:00,26.8938397430858,post_exercise,60,1
2024-11-30 18:21:00,27.05383407523992,post_exercise,60,1
2024-11-30 18:22:00,25.16998820715714,post_exercise,60,1
2024-11-30 18:23:00,24.734724046088292,post_exercise,60,1
2024-11-30 18:24:00,19.716483550119555,post_exercise,60,1
2024-11-30 18:25:00,17.970349063927152,post_exercise,60,1
2024-11-30 18:26:00,20.275845981068873,post_exercise,60,1
2024-11-30 18:27:00,15.898358866131142,post_exercise,60,1
2024-11-30 18:28:00,13.399540272452546,post_exercise,60,1
2024-11-30 18:29:00,0.0,post_exercise,60,0
2024-11-30 18:30:00,0.0,post_exercise,60,0
2024-11-30 18:31:00,6.04135330453094,post_exercise,60,1
2024-11-30 18:32:00,5.0,post_exercise,60,1
2024-11-30 18:33:00,5.0,post_exercise,60,1
2024-11-30 18:34:00,5.0,post_exercise,60,1
2024-11-30 18:35:00,5.0,post_exercise,60,1
2024-11-30 18:36:00,5.0,post_exercise,60,1
2024-11-30 18:37:00,5.0,post_exercise,60,1
2024-11-30 18:38:00,28.0,resting_awake,900,1
2024-11-30 18:53:00,36.03742659375736,resting_awake,900,1
2024-11-30 19:17:00,28.0,post_meal,600,1
2024-11-30 19:27:00,41.967040163078636,post_meal,600,1
2024-11-30 19:37:00,37.32164118056119,post_meal,600,1
2024-11-30 19:47:00,24.61854494738575,post_meal,600,1
2024-11-30 19:57:00,20.642834022477636,post_meal,600,1
2024-11-30 20:07:00,13.430873090338935,post_meal,600,1
2024-11-30 20:17:00,11.151550484260657,post_meal,600,1
2024-11-30 20:36:00,28.0,post_meal,600,1
2024-11-30 20:46:00,34.57144721542942,post_meal,600,1
2024-11-30 20:56:00,33.13101013738538,post_meal,600,1
2024-11-30 21:06:00,34.167805277541476,post_meal,600,1
2024-11-30 21:16:00,44.90272463365936,post_meal,600,1
2024-11-30 21:26:00,54.66660705722004,post_meal,600,1
2024-11-30 21:36:00,52.81912072907796,post_meal,600,1
2024-11-30 21:51:00,28.0,resting_awake,900,1
2024-11-30 22:06:00,38.697643970852795,resting_awake,900,1
2024-11-30 22:34:00,28.0,resting_awake,900,1
2024-11-30 22:49:00,27.48403121876499,resting_awake,900,1
2024-11-30 23:10:00,36.4,sleep,300,1
2024-11-30 23:15:00,38.25242596917907,sleep,300,1
2024-11-30 23:20:00,41.04414519740311,sleep,300,1
2024-11-30 23:25:00,39.159686335413305,sleep,300,1
2024-11-30 23:30:00,39.155220060160474,sleep,300,1
2024-11-30 23:35:00,39.585199005552006,sleep,300,1
2024-11-30 23:40:00,35.13901593279158,sleep,300,1
2024-11-30 23:45:00,37.97947306901773,sleep,300,1
2024-11-30 23:50:00,39.04120746476018,sleep,300,1
2024-11-30 23:55:00,35.80802664141487,sleep,300,1
2024-12-01 00:00:00,34.794303139259995,sleep,300,1
2024-12-01 00:05:00,29.99818443125972,sleep,300,1
2024-12-01 00:10:00,29.079366989019903,sleep,300,1
2024-12-01 00:18:00,36.4,sleep,300,1
2024-12-01 00:23:00,36.39713884101381,sleep,300,1
2024-12-01 00:28:00,41.396062270584345,sleep,300,1
2024-12-01 00:33:00,44.88860393400379,sleep,300,1
2024-12-01 00:38:00,44.21029862368113,sleep,300,1
2024-12-01 00:43:00,45.66172241181351,sleep,300,1
2024-12-01 00:48:00,49.39236447460218,sleep,300,1
2024-12-01 00:53:00,50.84832937473632,sleep,300,1
2024-12-01 00:58:00,0.0,sleep,300,0
2024-12-01 01:03:00,51.485338365569625,sleep,300,1
2024-12-01 01:08:00,54.65976357681438,sleep,300,1
2024-12-01 01:13:00,52.40925484517161,sleep,300,1
2024-12-01 01:18:00,49.58458542357711,sleep,300,1
2024-12-01 01:23:00,49.893325999183226,sleep,300,1
2024-12-01 01:28:00,52.62951274200104,sleep,300,1
2024-12-01 01:33:00,48.38240070393874,sleep,300,1
2024-12-01 01:38:00,52.991924085164904,sleep,300,1
2024-12-01 01:45:00,36.4,sleep,300,1
2024-12-01 01:50:00,32.26509125818775,sleep,300,1
2024-12-01 01:55:00,31.20776274912781,sleep,300,1
2024-12-01 02:00:00,32.316723335945156,sleep,300,1
2024-12-01 02:05:00,34.408654687483576,sleep,300,1
2024-12-01 02:10:00,35.65455148085756,sleep,300,1
2024-12-01 02:15:00,36.07042611071846,sleep,300,1
2024-12-01 02:20:00,37.687184925093185,sleep,300,1
2024-12-01 02:25:00,38.87045721545267,sleep,300,1
2024-12-01 02:30:00,38.68135815922956,sleep,300,1
2024-12-01 02:38:00,36.4,sleep,300,1
2024-12-01 02:43:00,34.71422050638384,sleep,300,1
2024-12-01 02:48:00,36.90345404338171,sleep,300,1
2024-12-01 02:53:00,44.97101048341464,sleep,300,1
2024-12-01 02:58:00,45.90253783452848,sleep,300,1
2024-12-01 03:03:00,42.742287697667265,sleep,300,1
2024-12-01 03:08:00,45.72715908427763,sleep,300,1
2024-12-01 03:15:00,36.4,sleep,300,1
2024-12-01 03:20:00,36.19363437140584,sleep,300,1
2024-12-01 03:25:00,37.820580134936854,sleep,300,1
2024-12-01 03:30:00,38.28531282688492,sleep,300,1
2024-12-01 03:35:00,37.64795553037277,sleep,300,1
2024-12-01 03:40:00,36.827149069794565,sleep,300,1
2024-12-01 03:45:00,36.74846458115636,sleep,300,1
2024-12-01 03:50:00,37.45432468427433,sleep,300,1
2024-12-01 03:55:00,38.13625904511884,sleep,300,1
2024-12-01 04:00:00,39.81090178817548,sleep,300,1
2024-12-01 04:05:00,34.850434343643315,sleep,300,1
2024-12-01 04:10:00,35.59711752908344,sleep,300,1
2024-12-01 04:15:00,38.58235577331003,sleep,300,1
2024-12-01 04:20:00,37.64169295899696,sleep,300,1
2024-12-01 04:27:00,36.4,sleep,300,1
2024-12-01 04:32:00,35.17489981701417,sleep,300,1
2024-12-01 04:37:00,31.272809386319675,sleep,300,1
2024-12-01 04:42:00,30.544618241831344,sleep,300,1
2024-12-01 04:47:00,33.12766754927882,sleep,300,1
2024-12-01 04:52:00,35.61356587955642,sleep,300,1
2024-12-01 04:57:00,32.70576420855721,sleep,300,1
2024-12-01 05:02:00,35.3060248616606,sleep,300,1
2024-12-01 05:07:00,30.010830491690946,sleep,300,1
2024-12-01 05:12:00,32.974496898474975,sleep,300,1
2024-12-01 05:17:00,36.43797476280111,sleep,300,1
2024-12-01 05:22:00,37.898304560645094,sleep,300,1
2024-12-01 05:27:00,40.94332555752464,sleep,300,1
2024-12-01 05:32:00,40.970037772156196,sleep,300,1
2024-12-01 05:37:00,39.213458556402195,sleep,300,1
2024-12-01 05:42:00,42.0785554440474,sleep,300,1
2024-12-01 05:47:00,47.44721555240564,sleep,300,1
2024-12-01 05:56:00,36.4,sleep,300,1
2024-12-01 06:01:00,34.70603825932989,sleep,300,1
2024-12-01 06:06:00,34.471915337559935,sleep,300,1
2024-12-01 06:11:00,36.61024670850508,sleep,300,1
2024-12-01 06:16:00,35.6100062507397,sleep,300,1
2024-12-01 06:21:00,36.89634479659207,sleep,300,1
2024-12-01 06:26:00,34.772047752582395,sleep,300,1
2024-12-01 06:31:00,36.82764738796666,sleep,300,1
2024-12-01 06:36:00,36.94564709930131,sleep,300,1
2024-12-01 06:41:00,36.85375979544973,sleep,300,1
2024-12-01 06:46:00,39.89267448845826,sleep,300,1
2024-12-01 06:51:00,41.16699518216337,sleep,300,1
2024-12-01 06:56:00,40.35674451785072,sleep,300,1
2024-12-01 07:01:00,40.61621637046307,sleep,300,1
2024-12-01 07:07:00,28.0,resting_awake,900,1
2024-12-01 08:21:00,28.0,post_meal,600,1
2024-12-01 08:31:00,10.924705831958121,post_meal,600,1
2024-12-01 08:41:00,5.0,post_meal,600,1
2024-12-01 08:51:00,5.0,post_meal,600,1
2024-12-01 09:01:00,5.0,post_meal,600,1
2024-12-01 09:19:00,19.599999999999998,stress_event,60,1
2024-12-01 09:20:00,18.511449017178535,stress_event,60,1
2024-12-01 09:21:00,12.718280857931934,stress_event,60,1
2024-12-01 09:22:00,9.912625403389779,stress_event,60,1
2024-12-01 09:23:00,6.101614740235885,stress_event,60,1
2024-12-01 09:24:00,5.672657990739186,stress_event,60,1
2024-12-01 09:25:00,5.0,stress_event,60,1
2024-12-01 09:26:00,5.0,stress_event,60,1
2024-12-01 09:27:00,6.211668879948819,stress_event,60,1
2024-12-01 09:28:00,8.97283133728455,stress_event,60,1
2024-12-01 09:29:00,8.521664098097641,stress_event,60,1
2024-12-01 09:30:00,11.650246525097733,stress_event,60,1
2024-12-01 09:31:00,10.809187367512783,stress_event,60,1
2024-12-01 09:32:00,14.5959839402011,stress_event,60,1
2024-12-01 09:33:00,14.774223564776864,stress_event,60,1
2024-12-01 09:34:00,17.970169020688022,stress_event,60,1
2024-12-01 09:35:00,22.404943030616458,stress_event,60,1
2024-12-01 09:36:00,17.80823629624446,stress_event,60,1
2024-12-01 09:37:00,16.605104906097203,stress_event,60,1
2024-12-01 09:38:00,19.399693279080044,stress_event,60,1
2024-12-01 09:39:00,14.074408675527739,stress_event,60,1
2024-12-01 09:40:00,19.599999999999998,stress_event,60,1
2024-12-01 09:41:00,17.50553367453729,stress_event,60,1
2024-12-01 09:42:00,24.040805363882882,stress_event,60,1
2024-12-01 09:43:00,26.363782402666867,stress_event,60,1
2024-12-01 09:44:00,20.248394119248616,stress_event,60,1
2024-12-01 09:45:00,19.889535553353095,stress_event,60,1
2024-12-01 09:46:00,19.925100367597228,stress_event,60,1
2024-12-01 09:47:00,25.407007038255816,stress_event,60,1
2024-12-01 09:48:00,0.0,stress_event,60,0
2024-12-01 09:49:00,23.881678076368154,stress_event,60,1
2024-12-01 09:50:00,24.2230167892303,stress_event,60,1
2024-12-01 09:51:00,24.72979748740796,stress_event,60,1
2024-12-01 09:52:00,19.183700500639493,stress_event,60,1
2024-12-01 09:53:00,18.057642999559537,stress_event,60,1
2024-12-01 09:54:00,15.290145316238513,stress_event,60,1
2024-12-01 09:55:00,15.576009770041367,stress_event,60,1
2024-12-01 09:56:00,13.672262295026986,stress_event,60,1
2024-12-01 09:57:00,17.24420829030299,stress_event,60,1
2024-12-01 09:58:00,16.23335754167345,stress_event,60,1
2024-12-01 09:59:00,11.68598255425178,stress_event,60,1
2024-12-01 10:00:00,11.550333163939982,stress_event,60,1
2024-12-01 10:01:00,28.0,resting_awake,900,1
2024-12-01 10:16:00,27.957813072720786,resting_awake,900,1
2024-12-01 10:38:00,28.0,resting_awake,900,1
2024-12-01 10:53:00,30.471607843620315,resting_awake,900,1
2024-12-01 11:08:00,31.698978417963385,resting_awake,900,1
2024-12-01 11:23:00,46.82520459502174,resting_awake,900,1
2024-12-01 11:45:00,28.0,resting_awake,900,1
2024-12-01 12:00:00,30.377109364172846,resting_awake,900,1
2024-12-01 12:15:00,35.85040773770964,resting_awake,900,1
2024-12-01 12:30:00,28.292957241288867,resting_awake,900,1
2024-12-01 12:53:00,28.0,post_meal,600,1
2024-12-01 13:03:00,27.98695871376067,post_meal,600,1
2024-12-01 13:13:00,24.088807521768175,post_meal,600,1
2024-12-01 13:23:00,26.426966227690997,post_meal,600,1
2024-12-01 13:33:00,30.20202110469984,post_meal,600,1
2024-12-01 13:43:00,39.44577584139658,post_meal,600,1
2024-12-01 13:53:00,33.88053891131244,post_meal,600,1
2024-12-01 14:03:00,21.256434987061013,post_meal,600,1
2024-12-01 14:19:00,19.599999999999998,stress_event,60,1
2024-12-01 14:20:00,27.42425632444194,stress_event,60,1
2024-12-01 14:21:00,26.742070676786714,stress_event,60,1
2024-12-01 14:22:00,28.286652048673616,stress_event,60,1
2024-12-01 14:23:00,29.710286298913562,stress_event,60,1
2024-12-01 14:24:00,29.72309615959451,stress_event,60,1
2024-12-01 14:25:00,36.62240213526954,stress_event,60,1
2024-12-01 14:26:00,40.21979114317447,stress_event,60,1
2024-12-01 14:27:00,39.903072142184016,stress_event,60,1
2024-12-01 14:28:00,44.66473274875591,stress_event,60,1
2024-12-01 14:29:00,43.704976141505746,stress_event,60,1
2024-12-01 14:30:00,39.01052191112279,stress_event,60,1
2024-12-01 14:31:00,43.43649177262456,stress_event,60,1
2024-12-01 14:32:00,28.0,resting_awake,900,1
2024-12-01 14:47:00,21.126414556437453,resting_awake,900,1
2024-12-01 15:02:00,27.394841763355974,resting_awake,900,1
2024-12-01 15:25:00,28.0,resting_awake,900,1
2024-12-01 15:40:00,38.45687663859992,resting_awake,900,1
2024-12-01 16:06:00,28.0,resting_awake,900,1
2024-12-01 16:21:00,25.907243162014176,resting_awake,900,1
2024-12-01 16:36:00,18.493724723257472,resting_awake,900,1
2024-12-01 16:51:00,27.637425489677042,resting_awake,900,1
2024-12-01 18:29:00,16.8,post_exercise,60,1
2024-12-01 18:30:00,14.142552824573077,post_exercise,60,1
2024-12-01 18:31:00,10.136570987580894,post_exercise,60,1
2024-12-01 18:32:00,9.143772628259194,post_exercise,60,1
2024-12-01 18:33:00,5.0,post_exercise,60,1
2024-12-01 18:34:00,5.0,post_exercise,60,1
2024-12-01 18:35:00,5.0,post_exercise,60,1
2024-12-01 18:36:00,5.0,post_exercise,60,1
2024-12-01 18:37:00,5.0,post_exercise,60,1
2024-12-01 18:38:00,5.0,post_exercise,60,1
2024-12-01 18:39:00,5.0,post_exercise,60,1
2024-12-01 18:40:00,6.221175710012517,post_exercise,60,1
2024-12-01 18:41:00,9.87336108261618,post_exercise,60,1
2024-12-01 18:42:00,5.480542030254242,post_exercise,60,1
2024-12-01 18:43:00,5.172712300172182,post_exercise,60,1
2024-12-01 18:44:00,5.717071773738974,post_exercise,60,1
2024-12-01 18:45:00,5.0,post_exercise,60,1
2024-12-01 18:46:00,5.0,post_exercise,60,1
2024-12-01 18:47:00,5.901903314304554,post_exercise,60,1
2024-12-01 18:48:00,7.482380239383377,post_exercise,60,1
2024-12-01 18:49:00,8.621007647963745,post_exercise,60,1
2024-12-01 18:50:00,6.958193483720677,post_exercise,60,1
2024-12-01 18:51:00,16.8,post_exercise,60,1
2024-12-01 18:52:00,12.120775558934582,post_exercise,60,1
2024-12-01 18:53:00,8.551099650816308,post_exercise,60,1
2024-12-01 18:54:00,8.171610402191028,post_exercise,60,1
2024-12-01 18:55:00,7.024117163247761,post_exercise,60,1
2024-12-01 18:56:00,5.652504451921105,post_exercise,60,1
2024-12-01 18:57:00,8.071605527145564,post_exercise,60,1
2024-12-01 18:58:00,5.97595157547226,post_exercise,60,1
2024-12-01 18:59:00,8.879903352373475,post_exercise,60,1
2024-12-01 19:00:00,8.678273148590431,post_exercise,60,1
2024-12-01 19:01:00,11.229282017746577,post_exercise,60,1
2024-12-01 19:02:00,10.615571160536767,post_exercise,60,1
2024-12-01 19:03:00,16.03633532847308,post_exercise,60,1
2024-12-01 19:04:00,14.009884068549342,post_exercise,60,1
2024-12-01 19:05:00,15.36084356400698,post_exercise,60,1
2024-12-01 19:06:00,16.73177767297632,post_exercise,60,1
2024-12-01 19:07:00,13.911313807302083,post_exercise,60,1
2024-12-01 19:08:00,13.897092773501667,post_exercise,60,1
2024-12-01 19:09:00,28.0,post_meal,600,1
2024-12-01 19:19:00,25.718481430265765,post_meal,600,1
2024-12-01 19:29:00,21.847555038109153,post_meal,600,1
2024-12-01 19:39:00,22.536945336719047,post_meal,600,1
2024-12-01 19:49:00,20.617143024561344,post_meal,600,1
2024-12-01 19:59:00,18.84636554511595,post_meal,600,1
2024-12-01 20:09:00,25.48743068410433,post_meal,600,1
2024-12-01 20:21:00,28.0,post_meal,600,1
2024-12-01 20:31:00,30.41539044153632,post_meal,600,1
2024-12-01 20:41:00,39.05694018024075,post_meal,600,1
2024-12-01 20:51:00,40.99575485154738,post_meal,600,1
2024-12-01 21:01:00,38.721565756533984,post_meal,600,1
2024-12-01 21:11:00,42.149341858804306,post_meal,600,1
2024-12-01 21:21:00,43.57891957754634,post_meal,600,1
2024-12-01 21:31:00,49.184356217960094,post_meal,600,1
2024-12-01 21:41:00,51.573688362325186,post_meal,600,1
2024-12-01 21:54:00,28.0,resting_awake,900,1
2024-12-01 22:09:00,18.755301823707786,resting_awake,900,1
2024-12-01 22:24:00,15.177075323263805,resting_awake,900,1
2024-12-01 22:43:00,28.0,resting_awake,900,1
2024-12-01 22:58:00,25.661502058728416,resting_awake,900,1
2024-12-01 23:13:00,18.50525754068224,resting_awake,900,1
2024-12-01 23:34:00,36.4,sleep,300,1
2024-12-01 23:39:00,31.944890609760957,sleep,300,1
2024-12-01 23:44:00,32.940598345619875,sleep,300,1
2024-12-01 23:49:00,32.61634577141984,sleep,300,1
2024-12-01 23:54:00,33.28390204795879,sleep,300,1
2024-12-01 23:59:00,34.98153309968927,sleep,300,1
2024-12-02 00:04:00,33.71684505720376,sleep,300,1
2024-12-02 00:09:00,30.59851956091128,sleep,300,1
2024-12-02 00:14:00,34.983244370702764,sleep,300,1
2024-12-02 00:19:00,29.67457464412204,sleep,300,1
2024-12-02 00:24:00,31.116835373039915,sleep,300,1
2024-12-02 00:29:00,35.83713118345106,sleep,300,1
2024-12-02 00:34:00,36.66791455623426,sleep,300,1
2024-12-02 00:39:00,33.66628409984913,sleep,300,1
2024-12-02 00:44:00,37.19809827280551,sleep,300,1
2024-12-02 00:49:00,39.29518101612598,sleep,300,1
2024-12-02 00:54:00,36.4473705731668,sleep,300,1
